Company Name,Valuation ($B),Date,Country,City,Category,investors Merged,Date Founded,Location
4Paradigm,2,12/19/2018,China,Beijing,Artificial intelligence,"Sequoia Capital China, China Construction Bank, Bank of China",,
56PINGTAI,1.08,1/25/2021,China,Shanghai,"Supply chain, logistics, & delivery","QF Capital, QC Capital, Unicom Innovation Venture Capital",,
58 Daojia,1,10/12/2015,China,Beijing,Internet software & services,"KKR, Alibaba Group, Ping An Insurance",,
6Sense,2.1,3/30/2021,United States,San Francisco,Artificial intelligence,"Venrock, Battery Ventures, Insight Partners",,
ABL Space Systems,1.3,3/25/2021,United States,El Segundo,Other,"T. Rowe Price, Lockheed Martin Ventures, Fidelity Investment",,
Acronis,2.5,9/18/2019,Switzerland,Schaffhausen,Cybersecurity,"Goldman Sachs, VebVentures, Insight Partners",,
ActiveCampaign,3,4/21/2021,United States,Chicago,Internet software & services,"Silversmith Capital Partners, Susquehanna Growth Equity, Tiger Global Management",,
Ada Support,1.2,5/7/2021,Canada,Toronto,Artificial intelligence,"Version One Ventures, Bessemer Venture Partners, FirstMark Capital",,
Addepar,2.17,6/15/2021,United States,Mountain View,Fintech,"8VC, D1 Capital Partners, Sway Ventures",,
Afiniti,1.6,4/14/2017,Bermuda,Hamilton,Artificial intelligence,GAM Holding,,
Age of Learning,3,5/3/2016,United States,Glendale,Edtech,Iconiq Capital,,
Aibee,1.2,4/13/2021,China,Beijing,Artificial intelligence,"Sequoia Capital China, Lenovo Capital and Incubator, Group GSR Ventures",,
AInnovation,1,12/16/2020,China,Beijing,Artificial intelligence,"CICC ALPHA, Chengwei Capital, Sinovation Ventures",,
Aircall,1,6/23/2021,United States,New York,Internet software & services,"Balderton Capital, Next World Capital, Draper Esprit",,
Airtable,5.77,11/15/2018,United States,San Francisco,Internet software & services,"Caffeinated Capital, CRV, Founder Collective",,
Airwallex,2.6,3/25/2019,Australia,Melbourne,Fintech,"DST Global, Sequoia Capital China, Tencent Holdings",,
AIWAYS,1.78,4/16/2018,China,Shanghai,Auto & transportation,"Jiangsu Sha Steel Group, Shanghai Puyin Industry, Funa Yuanchuang Technology",,
Alan,1.68,4/19/2021,France,Paris,Fintech,"Index Ventures, Temasek, Portag3 Ventures",,
Alation,1.2,6/3/2021,United States,Redwood City,Internet software & services,"Costanoa Ventures, Data Collective, Salesforce Ventures",,
Aledade,1.9,1/19/2021,United States,Bethesda,Health,"Venrock, CVF Capital Partners, ARCH Venture Partners",,
Allbirds,1.7,10/11/2018,United States,San Francisco,E-commerce & direct-to-consumer,"Lerer Hippeau Ventures, T. Rowe Price, Tiger Global Management",,
Alto Pharmacy,1,1/30/2020,United States,San Francisco,Health,"Jackson Square Ventures, Greenoaks Capital Management, Softbank Group",,
Alzheon,1.31,9/30/2020,United States,Framingham,Health,"ARCH Venture Partners, Ally Bridge Group",,
Amber Group,1.1,6/21/2021,Hong Kong,,Fintech,"Tiger Global Management, Tiger Brokers, DCM Ventures",,
Amount,1,5/17/2021,United States,Chicago,Fintech,"Invus Group, Hanaco Venture Capital, WestCap Group",,
Amperity,1,7/13/2021,United States,Seattle,Artificial intelligence,"Madrona Venture Group, Tiger Global Management, Madera Technology Partners",,
Amplitude,4.15,5/21/2020,United States,San Francisco,Data management & analytics,"Benchmark, Battery Ventures, Institutional Venture Partners",,
Anduril,4.6,9/11/2019,United States,Irvine,Artificial intelligence,"Andreessen Horowitz, Founders Fund, Revolution Ventures",,
Apeel Sciences,1,5/26/2020,United States,Goleta,Other,"Upfront Ventures, Tao Capital Partners, Andreessen Horowitz",,
AppDirect,1.1,10/7/2015,United States,San Francisco,E-commerce & direct-to-consumer,"Mithril, iNovia Capital, Foundry Group",,
Applied Intuition,1.25,10/22/2020,United States,Sunnyvale,Data management & analytics,"Andreessen Horowitz, Lux Capital, General Catalyst",,
ApplyBoard,3,5/5/2020,Canada,Kitchener,Edtech,"Artiman Ventures, Plug and Play Ventures, Anthos Capital",,
AppsFlyer,2,1/21/2020,United States,San Francisco,Mobile & telecommunications,"Magma Venture Partners, Pitango Venture Capital, Qumra Capital",,
Aprogen,1.04,5/31/2019,South Korea,Seongnam-Si,Health,"Lindeman Asia Investment, Nichi-Iko Pharmaceutical",,
Apus Group,1.73,1/16/2015,China,Beijing,Mobile & telecommunications,"Redpoint Ventures, QiMing Venture Partners, Chengwei Capital",,
Aqua Security,1,3/10/2021,Israel,Ramat Gan,Cybersecurity,"TLV Partners, Lightspeed Venture Partners, M12",,
Arctic Wolf Networks,4.3,10/22/2020,United States,Eden Prairie,Cybersecurity,"Lightspeed Venture Partners, Redpoint Ventures, Viking Global Investors",,
Argo AI,7.25,7/12/2019,United States,Pittsburgh,Artificial intelligence,"Volkswagen Group, Ford Autonomous Vehicles",,
Arrail Dental,2,4/13/2021,China,Beijing,Health,"Qiming Venture Partners, Kleiner Perkins Caufield & Byers, OrbiMed Advisors",,
Articulate,3.75,7/1/2021,United States,New York,Edtech,"Redpoint Ventures, Harrison Metal, Bessemer Venture Partners",,
ASAPP,1.6,5/19/2021,United States,New York,Artificial intelligence,"March Capital Partners, HOF Capital, Emergence Capital Partners",,
ASR Microelectronics,1.6,4/30/2020,China,Shanghai,Hardware,"Shenzhen Capital Group, Sequoia Capital China, Hillhouse Capital Management",,
Astranis Space Technologies,1.4,4/14/2021,United States,San Francisco,Mobile & telecommunications,"Refactor Capital, Andreessen Horowitz, Fifty Years Fund",,
Attentive,2.2,9/23/2020,United States,Hoboken,Mobile & telecommunications,"NextView Ventures, Eniac Ventures, Sequoia Capital",,
Aura,1,6/9/2021,United States,Burlington,Cybersecurity,"Warburg Pincus, General Catalyst",,
Aurora,10,2/7/2019,United States,Mountain View,Auto & transportation,"Index Ventures, Greylock Partners, Lightspeed Venture Partners",,
Automation Anywhere,6.8,7/2/2018,United States,San Jose,Artificial intelligence,"General Atlantic, Goldman Sachs, New Enterprise Associates",,
Automattic,1.8,5/27/2013,United States,San Francisco,Internet software & services,"Insight Venture Partners, Lowercase Capital, Polaris Partners",,
Avant,2,12/17/2012,United States,Chicago,Artificial intelligence,"RRE Ventures, Tiger Global, August Capital",,
AvidXchange,2.42,6/8/2017,United States,Charlotte,Fintech,"Temasek Holdings, Charlotte Angel Partners, TPG Growth",,
Away,1.4,5/15/2019,United States,New York,E-commerce & direct-to-consumer,"Global Founders Capital, Comcast Ventures, Forerunner Ventures",,
Axiom Space,1,2/16/2021,United States,Houston,Other,"C5 Capital, Hemisphere Ventures, The Venture Collective",,
Axonius,1.2,3/1/2021,United States,New York,Cybersecurity,"Vertex Ventures Israel, Bessemer Venture Partners, Emerge",,
Axtria,1,5/13/2021,United States,Berkeley Heights,Data management & analytics,"Helion Venture Partners, Bain Capital Tech Opportunities, Sequoia Capital India",,
Babylon Health,2,8/2/2019,United Kingdom,London,Artificial intelligence,"Kinnevik, Vostok New Ventures, Public Investment Fund of Saudi Arabia",,
Back Market,3.2,5/18/2021,France,Paris,E-commerce & direct-to-consumer,"Aglae Ventures, Eurazeo, Daphni",,
Baiwang,1.55,3/25/2019,China,Beijing,Fintech,"Guozhong Venture Capital Management, Shenzhen Capital Group, Oriental Fortune Capital",,
Banma Network Technologies,1,9/13/2018,China,Shanghai,Auto & transportation,"Yunfeng Capital, SDIC Innovation Investment Management, Shang Qi Capital",,
BeiBei,1,1/22/2015,China,Hangzhou,E-commerce & direct-to-consumer,"Banyan Capital, New Horizon Capital, IDG Capital Partners",,
Beisen,2,5/11/2021,China,Beijing,Internet software & services,"Matrix Partners China, Sequoia Capital China, Genesis Capital",,
Benchling,4,4/14/2021,United States,San Francisco,Internet software & services,"Thrive Capital, Benchmark, MenloVentures",,
BenevolentAI,1,6/2/2015,United Kingdom,London,Artificial intelligence,Woodford Investment Management,,
Better.com,6,11/10/2020,United States,New York,Fintech,"Pine Brook, American Express Ventures, Kleiner Perkins Caufield & Byers",,
BetterUp,1.73,2/25/2021,United States,San Francisco,Internet software & services,"Threshold Ventures, Lightspeed Venture Partners, Crosslink Capital",,
BGL Group,3,11/24/2017,United Kingdom,Peterborough,Fintech,CPP Investment Board,,
BigID,1.25,12/16/2020,United States,New York,Cybersecurity,"BOLDstart Ventures, SAP.iO Fund, Scale Venture Partners",,
BillDesk,1.9,11/16/2018,India,Mumbai,Fintech,"Temasek Holdings, Visa, March Capital Partners",,
Biosplice Therapeutics,12,8/6/2018,United States,San Diego,Health,"Vickers Venture Partners, IKEA GreenTech",,
Bird Rides,2.85,5/30/2018,United States,Santa Monica,Auto & transportation,"Tusk Ventures, Craft Ventures, Sequoia Capital",,
Biren Technology,1.09,8/18/2020,China,Shanghai,Hardware,"V FUND, IDG Capital, Green Pine Capital Partners",,
BitFury,1,11/6/2018,Netherlands,Amsterdam,Hardware,"Georgian Co-Investment Fund, iTech Capital, Galaxy Digital",,
Bitmain Technologies,12,7/6/2018,China,Beijing,Hardware,"Coatue Management, Sequoia Capital China, IDG Capital",,
BitPanda,1.2,3/16/2021,Austria,Vienna,Fintech,"Speedinvest, Valar Ventures, Uniqa Ventures",,
Bitso,2.2,5/5/2021,Mexico,Mexico City,Fintech,"Pantera Capital, QED Investors, Coinbase Ventures",2014,LATAM
BlaBlaCar,2,9/16/2015,France,Paris,Auto & transportation,"Accel Partners, Index Ventures, Insight Venture Partners",,
Black Unicorn Factory,6.1,5/20/2021,United States,Los Angeles,Other,Barter Ventures,,
Blockchain.com,5.2,2/17/2021,United Kingdom,London,Fintech,"Lightspeed Venture Partners, Google Ventures, Lakestar",,
BlockFi,3,3/11/2021,United States,Jersey City,Fintech,"ConsenSys Ventures, Valar Ventures, PUC",,
Bolt,4.3,5/29/2018,Estonia,Tallinn,Auto & transportation,"Didi Chuxing, Diamler, TMT Investments",,
Boom Supersonic,1,12/16/2020,United States,Englewood,Other,"WRVI Capital, Caffeinated Capital, Y Combinator",,
Bordrin Motors,1.48,6/3/2019,China,Shanghai,Auto & transportation,"China Grand Prosperity Investment, CSC Group",,
Bought By Many,2.35,6/1/2021,United Kingdom,London,Fintech,"Octopus Ventures, Munich Re Ventures, CommerzVentures",,
Bowery Farming,2.3,5/25/2021,United States,New York,Other,"Temasek, Google Ventures, General Catalyst",,
Branch,1,9/10/2018,United States,Redwood City,Mobile & telecommunications,"New Enterprise Associates, Pear, Cowboy Ventures",,
BrewDog,1.24,4/10/2017,United Kingdom,Aberdeen,Consumer & retail,"TSG Consumer Partners, Crowdcube",,
Brex,7.4,10/5/2018,United States,San Francisco,Fintech,"DST Global, Ribbit Capital, Greenoaks Capital Management",,
Bringg,1,6/16/2021,Israel,Tel Aviv,"Supply chain, logistics, & delivery","Salesforce Ventures, next47, Pereg Ventures",,
BrowserStack,4,6/16/2021,Ireland,Dublin,Internet software & services,"Accel, Insight Partners, Bond Capital",,
Bukalapak,3.5,11/16/2017,Indonesia,Jakarta,E-commerce & direct-to-consumer,"500 Startups, Batavia Incubator, Emtek Group",,
Bunq,2,6/18/2021,Netherlands,Amsterdam,Fintech,Undisclosed,,
Buzzfeed,1.7,8/18/2015,United States,New York,Internet software & services,"SV Angel, RRE Ventures, New Enterprise Associates",,
BYJU's,16.5,7/25/2017,India,Bengaluru,Edtech,"Tencent Holdings, Lightspeed India Partners, Sequoia Capital India",,
Bytedance,140,4/7/2017,China,Beijing,Artificial intelligence,"Sequoia Capital China, SIG Asia Investments, Sina Weibo, Softbank Group",,
BYTON,2.5,4/20/2018,China,Nanjing,Auto & transportation,"FAW Group, Tencent Holdings, Tus Holdings",,
C2FO,1,8/7/2019,United States,Leawood,Fintech,"Union Square Ventures, Summerhill Venture Partners, Mithril Capital Management",,
C6 Bank,5.05,12/2/2020,Brazil,Sao Paulo,Fintech,Credit Suisse,2018,LATAM
Cabify,1.4,1/22/2018,Spain,Madrid,Auto & transportation,"Seaya Ventures, Otter Rock Capital, Rakuten",,
Calendly,3,1/26/2021,United States,Atlanta,Internet software & services,"ICONIQ Capital, OpenView Venture Partners",,
Calm,2,2/6/2019,United States,San Francisco,Consumer & retail,"Insight Venture Partners, TPG Growth, Sound Ventures",,
Cambridge Mobile Telematics,1.5,12/19/2018,United States,Cambridge,Mobile & telecommunications,SoftBank Group,,
Cameo,1,3/30/2021,United States,Chicago,Internet software & services,"Lightspeed Venture Partners, Kleiner Perkins Caufield & Byers, Origin Ventures",,
Canva,15,1/8/2018,Australia,Surry Hills,Internet software & services,"Sequoia Capital China, Blackbird Ventures, Matrix Partners",,
CAOCAO,1.6,1/17/2018,China,Hangzhou,Auto & transportation,"People Electrical Appliance Group China, Zhongrong International Trust",,
Capsule,1,4/28/2021,United States,New York,Health,"Thrive Capital, Durable Capital Partners, G Squared",,
Carbon,2.4,8/20/2015,United States,Redwood City,Hardware,"Google Ventures, Sequoia Capital, Wakefield Group",,
Caris Life Sciences,7.83,5/17/2021,United States,Irving,Health,"Sixth Street Partners, OrbiMed Advisors, Highland Capital Management",,
Carro,1,6/14/2021,Singapore,,E-commerce & direct-to-consumer,"SingTel Innov8, Alpha JWC Ventures, Golden Gate Ventures",,
Cars24,1,11/24/2020,India,Gurgaon,E-commerce & direct-to-consumer,"Moore Strategic Ventures, DST Global, Sequoia Capital India",,
Carta,1.7,5/6/2019,United States,San Francisco,Fintech,"Menlo Ventures, Spark Capital, Union Square Ventures",,
Cato Networks,1,11/17/2020,Israel,Tel Aviv,Cybersecurity,"Aspect Ventures, SingTel Innov8, Greylock Partners",,
Cava Group,1.3,4/27/2021,United States,Washington,Other,"SWaN & Legend Ventures, Revolution Growth, Invus Group",,
Cazoo,2.5,6/23/2020,United Kingdom,London,E-commerce & direct-to-consumer,"dmg ventures, General Catalyst, Octopus Ventures",,
Cedar,3.2,3/9/2021,United States,New York,Fintech,"Thrive Capital, Founders Fund, Cocnord Health Partners",,
Cell C,1,8/7/2017,South Africa,Midrand,Mobile & telecommunications,"Blue Label Telecoms, Net1 UEPS Technologies",,
Celonis,11,6/26/2018,Germany,Munich,Data management & analytics,"Accel, 83North",,
Cerebral,1.23,6/10/2021,United States,San Francisco,Health,"Oak HC/FT Partners, Artis Ventures, WestCap Group",,
Cerebras Systems,1.17,11/14/2018,United States,Los Altos,Hardware,"Benchmark, Foundation Capital, Sequoia Capital",,
Cgtz,2.41,2/21/2017,China,Hangzhou,Fintech,"Shunwei Capital Partners, China Media Group, Guangzhou Huiyin Aofeng Equity Investment Fund",,
Chainalysis,4.2,11/23/2020,United States,New York,Fintech,"Addition, Benhcmark, Accel",,
Changingedu,1.5,10/30/2017,China,Shanghai,Edtech,"Trustbridge Partners, IDG Capital, Sequoia Capital China",,
ChargeBee Technologies,1.4,4/20/2021,United States,Walnut,Fintech,"Insight Partners, Tiger Global Management, Accel",,
Checkout.com,15,5/2/2019,United Kingdom,London,Fintech,"Tiger Global Management, Insight Partners, DST Global",,
Checkr,2.2,9/19/2019,United States,San Francisco,Internet software & services,"Y Combinator, Accel, T. Rowe Price",,
Chehaoduo,9,3/12/2016,China,Beijing,E-commerce & direct-to-consumer,"Sequoia Capital China, GX Capital",,
Chezhubang,1,7/10/2020,China,Beijing,E-commerce & direct-to-consumer,"JOY Capital, NIO Capital, Blueflame Capital",,
Chime,14.5,3/5/2019,United States,San Francisco,Fintech,"Forerunner Ventures, Crosslink Capital, Homebrew",,
China Cloud,1,6/11/2018,China,Wuxi,Hardware,"V Star Capital, GF Xinde Investment Management Co., Haitong Leading Capital Management",,
Chipper Cash,1.5,6/1/2021,United States,San Francisco,Fintech,"Deciens Capital, Bezos Expeditions, 500 Startups",,
Circle Internet Financial,3,5/15/2018,United States,Boston,Fintech,"General Catalyst, Digital Currency Group, Accel",,
CircleCI,1.7,5/11/2021,United States,San Francisco,Internet software & services,"Threshold Ventures, Baseline Ventures, Harrison Metal",,
Cityblock Health,1,12/10/2020,United States,Brooklyn,Health,"Thrive Capital, Maverick Ventures, Redpoint Ventures",,
Clari,1.6,3/3/2021,United States,Sunnyvale,Internet software & services,"Sequoia Capital, Bain Capital Ventures, enaya Capital",,
Claroty,1,6/17/2021,United States,New York,Cybersecurity,"Bessemer Venture Partners, MoreVC, Team8",,
ClassPass,1,1/8/2020,United States,New York,Internet software & services,"General Catalyst, L Catterton, Acequia Capital",,
Clearco,2,4/20/2021,Canada,Toronto,Fintech,"Highland Capital Partners, Oak HC/FT Partners, Emergence Capital Partners",,
Clearcover,1,4/13/2021,United States,Chicago,Fintech,"American Family Ventures, Cox Enterprises, OMERS Ventures",,
ClickUp,1,12/15/2020,United States,San Diego,Internet software & services,"Georgian Partners, Craft Ventures",,
Clio,1.6,4/27/2021,Canada,Burnaby,Internet software & services,"OMERS Private Equity, T. Rowe Price, Technology Crossover Ventures",,
Clip,2,6/10/2021,Mexico,Mexico City,Fintech,"Alta Ventures Mexico, General Atlantic, SoftBank Group",2012,LATAM
Cloudwalk,3.32,10/8/2018,China,Guangzhou,Artificial intelligence,"Oriza Holdings, Guangdong Technology Financial Group",,
Clubhouse,4,1/24/2021,United States,San Francisco,Mobile & telecommunications,"Andreessen Horowitz, TQ Ventures",,
CMR Surgical,3,9/17/2019,United Kingdom,Cambridge,Health,"Cambridge Innovation Capital, LGT Capital Partners, Escala Capital",,
Coalition,1.3,3/16/2021,United States,San Francisco,Cybersecurity,"Two Sigma Ventures, Flint Capital, Commerce Ventures",,
Cockroach Labs,2.16,1/12/2021,United States,New York,Data management & analytics,"Google Ventures, Benchmark, FirstMark Capital",,
Coda,1.4,7/8/2021,United States,Mountain View,Internet software & services,"Greylock Partners, General Catalyst, Khosla Ventures",,
Cognite,1.6,5/19/2021,Norway,Lysaker,Data management & analytics,"Technology Crossover Ventures, Accel, Aker",,
Cohesity,3.7,6/11/2018,United States,San Jose,Data management & analytics,"SoftBank Group, Sequoia Capital, Wing Venture Capital",,
Collective Health,1.5,6/17/2019,United States,San Francisco,Fintech,"New Enterprise Associates, Founders Fund, Google Ventures",,
Collibra,2.36,1/29/2019,Belgium,Brussels,Data management & analytics,"Index Ventures, Battery Ventures, ICONIQ Capital",,
Color,1.5,1/4/2021,United States,Burlingame,Health,"General Catalyst, Viking Global Investors, T. Rowe Price",,
ContentSquare,2.8,5/25/2021,France,Paris,Internet software & services,"Highland Europe, Eurazeo, Canaan Partners",,
Convoy,2.75,9/21/2018,United States,Seattle,"Supply chain, logistics, & delivery","Greylock Partners, capitalG, Y Combinator",,
Coocaa,1.45,3/16/2018,China,Shenzhen,Hardware,"Baidu, Tencent Holdings",,
Course Hero,1.1,2/12/2020,United States,Redwood City,Edtech,"NewView Capital, Maveron, Ridge Ventures",,
Coveo,1.1,11/6/2019,Canada,Quebec City,Artificial intelligence,"Fonds de Solidarite FTQ, Propulsion Ventures, BDC Venture Capital",,
CRED,2.2,4/6/2021,India,Bengaluru,Fintech,"Tiger Global Management, DST Global, Sequoia Capital India",,
Creditas,1.75,12/18/2020,Brazil,Sao Paulo,Fintech,"Kaszek Ventures, Amadeus Capital Partners, Quona Capital",2012,LATAM
Current,2.2,4/27/2021,United States,New York,Fintech,"Expa, QED Investors, Foundation Capital",,
Cybereason,1.5,6/21/2017,United States,Boston,Cybersecurity,"SoftBank Group, CRV, Spark Capital",,
Dadi Cinema,3.24,5/11/2016,China,Shenzhen,Other,Alibaba Pictures Group,,
DailyHunt,1,12/22/2020,India,Bengaluru,Internet software & services,"Falcon Edge Capital, Omidyar Network, Sequoia Capital India",,
Dapper Labs,2.6,3/30/2021,Canada,Vancouver,Fintech,"Union Square Ventures, Venrock, Andreessen Horowitz",,
Databricks,28,2/5/2019,United States,San Francisco,Data management & analytics,"Andreessen Horowitz, New Enterprise Associates, Battery Ventures",,
Dataiku,1.06,12/4/2019,United States,New York,Internet software & services,"Alven Capital, FirstMark Capital, capitalG",,
Dataminr,4.1,6/4/2018,United States,New York,Artificial intelligence,"Venrock, Institutional Venture Partners, Goldman Sachs",,
DataRobot,2.8,7/29/2019,United States,Boston,Artificial intelligence,"New Enterprise Associates, Accomplice, IA Ventures",,
Dave,1,9/30/2019,United States,Los Angeles,Fintech,"Section 32, SV Angel, Norwest Venture Partners",,
dbt Labs,1.5,6/30/2021,United States,Philadelphia,Data management & analytics,"Andreessen Horowitz, Amplify Partners, Sequoia Capital",,
Deel,1.25,4/21/2021,United States,San Francisco,Fintech,"Andreessen Horowitz, Spark Capital, Y Combinator",,
DeepBlue Technology,1.35,4/16/2018,China,Shanghai,Artificial intelligence,"DESUN Capital, Yunfeng Capital, Meridian Capital",,
Deezer,1.4,8/2/2018,France,Paris,Internet software & services,"Orange Digital Ventures, Access Industries",,
Degreed,1.4,4/13/2021,United States,Pleasanton,Edtech,"Signal Peak Ventures, Owl Ventures, Jump Capital",,
Delhivery,3,2/27/2019,India,Gurgaon,"Supply chain, logistics, & delivery","Times Internet, Nexus Venture Partners, SoftBank Group",,
Devoted Health,3.78,10/16/2018,United States,Waltham,Health,"Andreessen Horowitz, F-Prime Capital, Venrock",,
Dialpad,1.2,10/6/2020,United States,San Francisco,Internet software & services,"Andreessen Horowitz, Google Ventures, Section 32",,
Diamond Foundry,1.8,3/29/2021,United States,San Francisco,Other,"Fashion Tech Lab, Fidelity Investments, Vast Ventures",,
DianRong,1,8/2/2017,China,Shanghai,E-commerce & direct-to-consumer,"Standard Chartered, FinSight Ventures, Affirma Capital",,
Digit Insurance,3.5,1/15/2021,India,Bengaluru,Fintech,"Fairfax Financial Holdings, A91 Partners, TVS Capital",,
Discord,7,4/20/2018,United States,San Francisco,Internet software & services,"Benchmark, Greylock Partners, Tencent Holdings",,
DispatchHealth,1.7,3/3/2021,United States,Denver,Health,"Alta Partners, Questa Capital, Echo Health Venturesl",,
DJI Innovations,15,1/23/2015,China,Shenzhen,Hardware,"Accel Partners, Sequoia Capital",,
Doctolib,1.14,3/19/2019,France,Paris,Health,"BPI France, Kerala Ventures, Accel",,
Dream Games,1,6/30/2021,Turkey,Istanbul,Mobile & telecommunications,"Makers Fund, Index Ventures, Inova Ventures Participacees",,
Dream11,5,4/9/2019,India,Mumbai,Internet software & services,"Kaalari Capital, Tencent Holdings, Steadview Capital",,
Dremio,1,1/6/2021,United States,Santa Clara,Data management & analytics,"Lightspeed Venture Partners, Redpoint Ventures, Norwest Venture Partners",,
DriveNets,1,1/27/2021,Israel,Ra'anana,Internet software & services,"Bessemer Venture Partners, Pitango Venture Capital, D1 Capital Partners",,
Druva,2,6/20/2019,United States,Sunnyvale,Data management & analytics,"Nexus Venture Partners, Tenaya Capital, Sequoia Capital",,
DT Dream,1.5,6/8/2017,China,Hangzhou,Data management & analytics,"Alibaba Group, China Everbright Investment Management, Yinxinggu Capital",,
Duolingo,2.4,12/4/2019,United States,Pittsburgh,Education,"capitalG, Union Square Ventures, New Enterprise Associates",,
Dutchie,1.7,3/16/2021,United States,Bend,E-commerce & direct-to-consumer,"Casa Verde Capital, Gron Ventures, Thrity Five Ventures",,
Dxy.cn,1,4/10/2018,China,Hangzhou,Health,"Tencent Holdings, DCM Ventures",,
Earnix,2,2/21/2021,Israel,Giv'atayim,Fintech,"Jerusalem Venture Partners, Israel Growth Partners, Insight Partners",,
Easyhome,5.78,2/12/2018,China,Beijing,Consumer & retail,"Alibaba Group, Boyu Capital, Borui Capital",,
Eat Just,1.1,11/30/2017,United States,San Francisco,Consumer & retail,"Khosla Ventures, Horizons Ventures, Founders Fund",,
EBANX,1,10/16/2019,Brazil,Curitiba,Fintech,"FTV Capital, Endeavor",2011,LATAM
ECARX,1.49,10/26/2020,China,Wuhan,Auto & transportation,"Geely, SIG Asia Investments, China State Capital Venture Capital Fund",,
EcoFlow,1,6/10/2021,China,Shenzhen,Hardware,"Delian Capital, China International Capital Corporation, Sequoia Capital China",,
eDaili,1.9,2/1/2019,China,Shanghai,E-commerce & direct-to-consumer,"K2VC, Lightspeed China Partners, Sky9 Capital",,
Eightfold.ai,2.1,10/27/2020,United States,Santa Clara,Internet software & services,"Foundation Capital, Institutional Venture Partners, General Catalyst",,
Emerging Markets Property Group,1,4/28/2020,United Arab Emirates,Dubai,Other,"OLX Group, KCK Group, EXOR Seeds",,
Enflame,1.24,1/5/2021,China,Shanghai,Hardware,"Tencent Holdings, Delta Capital, Redpoint Ventures China",,
Enfusion,1.5,1/11/2021,United States,Chicago,Fintech,FTV Capital,,
ENOVATE,1.85,4/15/2019,China,Shanghai,Auto & transportation,Automobile Industry Guidance Fund,,
Epic Games,28.7,10/26/2018,United States,Cary,Other,"Tencent Holdings, KKR, Smash Ventures",,
Epidemic Sound,1.4,3/11/2021,Sweden,Stockholm,Internet software & services,"EQT Partners, Blackstone",,
EQRx,1.23,1/11/2021,United States,Cambridge,Health,"Nextech Invest, Casdin Capital, Google Ventures",,
Ethos Technologies,2,5/11/2021,United States,San Francisco,Fintech,"Sequoia Capital, Google Ventures, Accel",,
Everly Health,1.3,12/3/2020,United States,Austin,E-commerce & direct-to-consumer,"Highland Capital Partners, Next Coast Ventures, SoGal Ventures",,
Evidation Health,1,3/22/2021,United States,San Mateo,Health,"B Capital Group,, GE Ventures, McKesson Ventures",,
Exabeam,2.4,6/1/2021,United States,Foster City,Cybersecurity,"Norwest Venture Partners, Aspect Ventures, Lightspeed Venture Partners",,
Extend,1.6,5/18/2021,United States,San Francisco,Fintech,"GreatPoint Ventures, Meritech Capital Partners, PayPal Ventures",,
ezCater,1.25,4/2/2019,United States,Boston,"Supply chain, logistics, & delivery","Insight Venture Partners, ICONIQ Capital, Launchpad Venture Group",,
Fair,1.2,12/20/2018,United States,Santa Monica,Auto & transportation,"CreditEase Fintech Investment Fund, BMW i Ventures, SoftBank Group",,
Faire,7,10/30/2019,United States,San Francisco,Artificial intelligence,"Khosla Ventures, Forerunner Ventures, Sequoia Capital",,
Fanatics,12.8,6/6/2012,United States,Jacksonville,E-commerce & direct-to-consumer,"SoftBank Group, Andreessen Horowitz, Temasek Holdings",,
Farmers Business Network,1.75,8/3/2020,United States,San Carlos,Other,"Blackrock, Kleiner Perkins Caulfield & Byers, Google Ventures",,
Feedzai,1,3/24/2021,United States,San Mateo,Artificial intelligence,"Global Founders Capital, Shea Ventures, Greycroft",,
Fenbi Education,1.95,2/7/2021,China,Beijing,Edtech,"Trustbridge Partners, Hony Capital, IDG Capital",,
Fetch Rewards,1,3/31/2021,United States,Madison,E-commerce & direct-to-consumer,"Greycroft, Loeb.NYC, DST Global",,
Figma,10,4/30/2020,United States,San Francisco,Internet software & services,"Index Ventures, Greylock Partners, Kleiner Perkins Caufield & Byers",,
Figure Technologies,3.2,11/5/2019,United States,San Francisco,Fintech,"DCM Ventures, Ribbit Capital, RPM Ventures",,
Firefly Aerospace,1,5/4/2021,United States,Cedar Park,Other,"XBTO Ventures, Raven One Ventures, SK Ventures",,
FirstCry,2.1,2/7/2020,India,Pune,E-commerce & direct-to-consumer,"SoftBank Group, SAIF Partners India, Valiant Capital Partners",,
Fiture,1,4/14/2021,China,Chengdu,Health,"Bertelsmann Asia Investments, Sequoia Capital China, NIO Capital",,
Five Star Business Finance,1.4,3/26/2021,India,Chennai,Other,"Sequoia Capital India, Tiger Global Management, Tencent",,
FiveTran,1.2,6/30/2020,United States,Oakland,Data management & analytics<,"Matrix Partners, Andreessen Horowitz, General Catalyst",,
Flash Express,1,2/1/2021,Thailand,Bangkok,"Supply chain, logistics, & delivery","SCB 10X, Krungsri Finnovate, eWTP Capital",,
FlashEx,1,8/27/2018,China,Beijing,"Supply chain, logistics, & delivery","Prometheus Capital, Matrix Partners China, JD Capital Management",,
Flexport,3.2,4/30/2018,United States,San Francisco,"Supply chain, logistics, & delivery","Bloomberg Beta, Founders Fund, First Round Capital",,
Flipboard,1.32,7/22/2015,United States,Palo Alto,Internet software & services,"Kleiner Perkins Caufield & Byers, Comcast Ventures, Insight Partners",,
FlixMobility,3,7/18/2019,Germany,Munich,Auto & transportation,"Holtzbrinck Ventures, Unternehmertum Venture Capital, General Atlantic",,
Flutterwave,1,3/9/2021,United States,San Francisco,Fintech,"Green Visor Capital, CRE Venture Capital, Greycroft",,
Formlabs,2,8/1/2018,United States,Somerville,Hardware,"Pitango Venture Capital, DFJ Growth Fund, Foundry Group",,
Forte Labs,1,5/12/2021,United States,San Francisco,Fintech,"Iris Capital, Accel, Elaia Partners",,
Forter,3,11/19/2020,United States,New York,Cybersecurity,"Sequoia Capital Israel, Scale Venture Partners, Commerce Ventures",,
Forto,1.2,6/21/2021,Germany,Berlin,"Supply chain, logistics, & delivery","Cherry Ventures, Northzone Ventures, Global Founders Capital",,
Freshworks,3.5,7/31/2018,United States,San Mateo,Internet software & services,"Accel, Tiger Global Management, capitalG",,
FXiaoKe,1,7/2/2015,China,Beijing,Mobile & telecommunications,"IDG Capital, Northern Light Venture Capital, DCM Ventures",,
G2,1.1,6/22/2021,United States,Chicago,Internet software & services,"Pritzker Group Venture Capital, Accel, Hyde Park Venture Partners",,
GalaxySpace,1.22,11/17/2020,China,Beijing,Mobile & telecommunications,"Shunwei Capital Partners, 5Y Capital, Legend Capital",,
Geek+,1,11/21/2018,China,Beijing,Hardware,"Volcanics Ventures, Vertex Ventures China, Warburg Pincus",,
Getir,7.5,3/26/2021,Turkey,Istanbul,E-commerce & direct-to-consumer,"Tiger Global Management, Sequoia Capital, Revo Capital",,
Gett,1.5,5/24/2016,Israel,Tel Aviv,Auto & transportation,"Volkswagen, Access Industries, Vostok New Ventures",,
GetYourGuide,1.1,5/16/2019,Germany,Berlin,Travel,"Spark Capital, Highland Europe, Sunstone Capital",,
Ginger,1.1,3/24/2021,United States,San Francisco,Health,"Kaiser Permanente Ventures, Khosla Ventures, True Ventures",,
Ginkgo BioWorks,4.2,12/14/2017,United States,Boston,Health,"Y Combinator, Data Collective, MassVentures",,
GitLab,6,9/19/2018,United States,San Francisco,Internet software & services,"Google Ventures, ICONIQ Capital, Khosla Ventures",,
Global Switch,11.1,12/22/2016,United Kingdom,London,Hardware,"Aviation Industry Corporation of China, Essence Financial, Jiangsu Sha Steel Group",,
Globality,1,1/22/2019,United States,Menlo Park,Artificial intelligence,SoftBank Group,,
Glossier,1.2,3/19/2019,United States,New York,Consumer & retail,"Forerunner Ventures, Institutional Venture Partners, Thrive Capital",,
Glovo,1,12/19/2019,Spain,Barcelona,"Supply chain, logistics, & delivery","IDInvest Partners, Seaya Ventures, Lakestar",,
GO1,1,7/19/2021,Australia,Brisbane,Internet software & services,"Y Combinator, M12, SEEK",,
GOAT,3.7,9/23/2020,United States,Culver City,E-commerce & direct-to-consumer,"Upfront Ventures, Webb Investment Network, D1 Capital Partners",,
Gong,7.25,8/12/2020,United States,Palo Alto,Artificial intelligence,"Norwest Venture Partners, Next World Capital, Wing Venture Capital",,
GoPuff,8.9,10/8/2020,United States,Philadelphia,E-commerce & direct-to-consumer,"Accel, Softbank Group, Anthos Capital",,
Gorillas,1,3/25/2021,Germany,Berlin,E-commerce & direct-to-consumer,"Coatue Management, Atlantic Food Labs, DST Global",,
GoStudent,1.7,6/22/2021,Austria,Vienna,Edtech,"DN Capital, Left Lane Capital, Coatue Management",,
Gousto,1,11/3/2020,United Kingdom,London,"Supply chain, logistics, & delivery","MMC Ventures, BGF Ventures, Unilever Ventures",,
GPclub,1.32,10/22/2018,South Korea,Seoul,Other,Goldman Sachs,,
Grab,14.3,12/4/2014,Singapore,Singapore,Auto & transportation,"GGV Capital, Vertex Venture Holdings, Softbank Group",,
Grammarly,1,10/10/2019,United States,San Francisco,Internet software & services,"General Catalyst, Institutional Venture Partners, Breyer Capital",,
Graphcore,2.77,12/18/2018,United Kingdom,Bristol,Artificial intelligence,"Dell Technologies Capital, Pitango Venture Capital, Amadeus Capital Partners",,
Greenlight,2.3,9/24/2020,United States,Atlanta,Fintech,"Relay Ventures, TTV Capital, Canapi Ventures",,
Greensill,4,7/16/2018,United Kingdom,London,Fintech,"SoftBank Group, General Atlantic",,
Grofers,1,6/30/2021,India,Gurgaon,"Supply chain, logistics, & delivery","Tiger Global Management, Sequoia Capital India, SoftBank Group",,
Groq,1,4/14/2021,United States,Mountain View,Artificial intelligence,"TDK Ventures, Social Capital, D1 Capital Partners",,
Grove Collaborative,1.32,1/17/2018,United States,San Francisco,E-commerce & direct-to-consumer,"MHS Capital, NextView Ventures, Mayfield Fund",,
Groww,1,4/7/2021,India,Bengaluru,Fintech,"Tiger Global Management, Sequoia Capital India, Ribbit Capital",,
Guideline,1.15,6/16/2021,United States,San Mateo,Fintech,"Pelion Venture Partners, Foundation Capital, Thoma Bravo",,
Guild Education,3.75,11/13/2019,United States,Denver,Internet software & services,"General Atlantic, Blackstone, ICONIQ Growth",,
Guoquan Shihui,2,3/17/2021,China,Shanghai,Consumer & retail,"Tiantu Capital, CMB International Capital, Vision Knight Capital",,
GupShup,1.4,4/8/2021,United States,San Francisco,Internet software & services,"Helion Venture Partners, Tiger Global management, CRV",,
Gusto,3.8,12/18/2015,United States,San Francisco,Fintech,"General Catalyst Partners, Google Ventures, Kleiner Perkins Caufield & Byers",,
Gympass,2.2,6/12/2019,United States,New York,Internet software & services,"General Atlantic, SoftBank Group, Atomico",,
Gymshark,1.45,8/14/2020,United Kingdom,Solihull,E-commerce & direct-to-consumer,General Atlantic,,
Hailo,1.1,6/23/2021,Israel,Tel Aviv,Artificial intelligence,"Glory Ventures, Maniv Mobility",,
Handshake,1.5,5/12/2021,United States,San Francisco,Internet software & services,"Kleiner Perkins Caufield & Byers, Lightspeed Venture Partners, True Ventures",,
Harness,1.7,1/14/2021,United States,San Francisco,Artificial intelligence,"Menlo Ventures, Alkeon Capital Management, Citi Ventures",,
Harry's Razor Company,1.7,2/16/2018,United States,New York,Consumer & retail,"Thrive Capital, Tiger Global Management, Temasek",,
HashiCorp,5.1,11/1/2018,United States,San Francisco,Internet software & services,"Redpoint Ventures, True Ventures, Mayfield Fund",,
HeartFlow,1.3,12/4/2017,United States,Redwood City,Health,"BlueCross BlueShield Venture Partners, US Venture Partners",,
Hello TransTech,5,6/1/2018,China,Shanghai,Auto & transportation,"Ant Financial Services Group, GGV Capital",,
Hesai Tech,1.05,8/1/2020,China,Shanghai,Artificial intelligence,"Lightspeed China Partners, Baidu Ventures, Qiming Venture Partners",,
HEYTEA,9.28,7/1/2019,China,Shenzhen,Other,"Sequoia Capital China, Tencent Investment, BA Capital",,
HighRadius,3.1,1/7/2020,United States,Houston,Fintech,"Susquehanna Growth Equity, Citi Ventures, ICONIQ Capital",,
Highspot,2.3,2/22/2021,United States,Seattle,Internet software & services,"Madrona Venture Group, Shasta Ventures, Salesforce Ventures",,
Hinge Health,3,1/6/2021,United States,San Francisco,Health,"Atomico, Insight Partners, Coatue Management",,
Hippo Insurance,1.5,7/24/2019,United States,Palo Alto,Fintech,"Propel Venture Partners, Horizons Ventures, Comcast Ventures",,
Hive,2,4/21/2021,United States,San Francisco,Artificial intelligence,"Tomales Bay Capital, Bain & Company, General Catalyst",,
Hive Box,1.4,1/23/2018,China,Shenzhen,"Supply chain, logistics, & delivery","Eastern Bell Capital, SF Holding Co, STO Express",,
HMD Global,1,5/21/2018,Finland,Espoo,Mobile & telecommunications,Ginko Ventures,,
HoneyBook,1.1,5/4/2021,United States,San Francisco,Internet software & services,"Norwest Venture Partners, Hillsven Capital, Aleph",,
Hopin,5.65,11/10/2020,United Kingdom,London,Internet software & services,"Accel, Northzone Ventures, Institutional Venture Partners",,
Hopper,1,3/24/2021,Canada,Montreal,Travel,"Capital One Growth Ventures, Citi Ventures, OMERS Ventures",,
Horizon Robotics,5,2/27/2019,China,Beijing,Artificial intelligence,"Hillhouse Capital Management, Linear Venture, Morningside Venture Capital",,
Hosjoy,1,10/18/2018,China,Nanjing,E-commerce & direct-to-consumer,"U.S.-China Green Fund, Founder H Fund, Richland Equities",,
Houzz,4,9/30/2014,United States,Palo Alto,E-commerce & direct-to-consumer,"New Enterprise Associates, Sequoia Capital, Comcast Ventures",,
Howden Group Holdings,5,9/29/2020,United Kingdom,London,Other,"General Atlantic, 3i Group, Huagai Capital",,
Huaqin Telecom Technology,2.19,10/8/2019,China,Shanghai,Mobile & telecommunications,"Zhangjiang Haocheng Venture Capital, Walden International, Intel Capital",,
Huike Group,1,5/24/2018,China,Beijing,Edtech,"Fosun RZ Capital, Oceanwide Holdings, Shenzhen Qianhe Capital Management Co.",,
HuiMin,2,9/5/2016,China,Beijing,E-commerce & direct-to-consumer,"Zheshang Venture Capital, GP Capital, Western Capital Management",,
Huisuanzhang,1.28,5/24/2021,China,Beijing,Fintech,"IDG Capital, Gaocheng Capital, Chuanrong Capital",,
Huitongda,3.18,12/22/2017,China,Nanjing,E-commerce & direct-to-consumer,"Shunwei Capital Partners, Addor Capital, New Horizon Capital",,
HuJiang,1,10/29/2015,China,Shanghai,Edtech,"China Minsheng Investment, Baidu, Wanxin Media",,
HyalRoute,3.5,5/26/2020,Singapore,,Mobile & telecommunications,Kuang-Chi,,
Hyperchain,1,4/11/2021,China,Hangzhou,Fintech,"Yinhong Equity Investment Fund, E Fund, Ideal International",,
Ibotta,1,8/6/2019,United States,Denver,Fintech,"Koch Disruptive Technologies, Teamworthy Ventures, GGV Capital",,
iCarbonX,1,4/12/2016,China,Shenzhen,Artificial intelligence,"Tencent, Vcanbio",,
Icertis,2.8,7/17/2019,United States,Bellevue,Artificial intelligence,"Eight Roads Ventures, Greycroft, Ignition Partners",,
ID.me,1.5,3/19/2021,United States,McLean,Cybersecurity,"Moonshots Capital, BoxGroup, Blu Venture Investors",,
iFood,1,11/13/2018,Brazil,Osasco,"Supply chain, logistics, & delivery","Movile, Just Eat, Naspers",2011,LATAM
Illumio,2.75,4/14/2015,United States,Sunnyvale,Cybersecurity,"Data Collective, Formation 8, General Catalyst Partners",,
Iluvatar CoreX,1.55,3/1/2021,China,Shanghai,Hardware,"Centurium Capital, Cedarlake Capital, Unicom Innovation Venture Capital",,
Impact,1.5,7/13/2021,United States,Santa Barbara,Internet software & services,"Redpoint Ventures, Providence Equity Partners, Silversmith Capital Partners",,
Impossible Foods,4,5/13/2019,United States,Redwood City,Consumer & retail,"Khosla Ventures, Horizons Ventures, Temasek Holdings",,
Improbable,2,5/11/2017,United Kingdom,London,Other,"Andreessen Horowitz, SoftBank Group, Temasek Holdings",,
Inari,1.2,5/12/2021,United States,Cambridge,Other,"Flagship Pioneering, Alexandria Venture Investments, Investment Corporation of Dubai",,
Indigo Ag,3.5,9/26/2017,United States,Boston,Artificial intelligence,"Activant Capital Group, Alaska Permanent Fund, Baillie Gifford & Co.",,
Infinidat,1.6,4/29/2015,United States,Waltham,Hardware,"TPG Growth, Goldman Sachs",,
Infobip,1,7/30/2020,Croatia,Vodnjan,Mobile & telecommunications,One Equity Partners,,
Infra.Market,1,2/25/2021,India,Thane,E-commerce & direct-to-consumer,"Accel, Tiger Global Management, Nexus Venture Partners",,
Injective Protocol,1,4/20/2021,United States,New York,Fintech,"Pantera Capital, Cadenza Ventures, BlockTower Capital",,
InMobi,1,12/2/2014,India,Bengaluru,Mobile & telecommunications,"Kleiner Perkins Caufield & Byers, Softbank Corp., Sherpalo Ventures",,
Innovaccer,1.3,2/19/2021,United States,San Francisco,Health,"M12, WestBridge Capital, Lightspeed Venture Partners",,
Innovium,1,7/21/2020,United States,San Jose,Hardware,"WRVI Capital, Qualcomm Ventures, S-Cubed Capital",,
InSightec,1.3,3/6/2020,Israel,Tirat Carmel,Health,"York Capital Management, GE Healthcare, Koch Disruptive Technologies",,
Instabase,1.05,10/21/2019,United States,San Francisco,Data management & analytics,"New Enterprise Associates, Greylock Partners, Andreessen Horowitz",,
Instacart,39,12/30/2014,United States,San Francisco,"Supply chain, logistics, & delivery","Khosla Ventures, Kleiner Perkins Caufield & Byers, Collaborative Fund",,
Intarcia Therapeutics,3.8,4/1/2014,United States,Boston,Health,"New Enterprise Associates, New Leaf Venture Partners, Charter Venture Capital",,
Intellifusion,1,3/22/2019,China,Shenzhen,Artificial intelligence,"BOC International, TopoScend Capital, Hongxiu VC",,
Intercom,1.28,3/27/2018,United States,San Francisco,Internet software & services,"FirstMark Capital, Tiger Global Management",,
InVision,1.9,11/1/2017,United States,New York,Internet software & services,"FirstMark Capital, Tiger Global Management, ICONIQ Capital",,
IRL,1.17,6/15/2021,United States,San Francisco,Internet software & services,"Goodwater Capital, Floodgate, Founders Fund",,
ISN,2,12/17/2020,United States,Dallas,"Supply chain, logistics, & delivery",Blackstone,,
Iterable,2,6/15/2021,United States,San Francisco,Internet software & services,"CRV, Blue Cloud Ventures, Index Ventures",,
iTutorGroup,1,11/18/2015,China,Shanghai,Edtech,"QiMing Venture Partners, Temasek Holdings, Silverlink Capital",,
Ivalua,1.1,5/21/2019,United States,Redwood City,Fintech,"Ardian, Tiger Global Management, KKR",,
J&T Express,7.8,4/7/2021,Indonesia,Jakarta,"Supply chain, logistics, & delivery","Hillhouse Capital Management, Boyu Capital, Sequoia Capital China",,
JimuBox,1,4/21/2015,China,Beijing,Fintech,"Matrix Partners China, Ventech China, Shunwei Capital Partners",,
Jiuxian,1.05,7/30/2015,China,Beijing,E-commerce & direct-to-consumer,"Sequoia Capital China, Rich Land Capital, Merrysunny Wealth",,
JOLLY Information Technology,1.5,5/29/2018,China,Hangzhou,E-commerce & direct-to-consumer,"Legend Capital, CDH Investments, Sequoia Capital China",,
JoyTunes,1,6/21/2021,Israel,Tel Aviv,Edtech,"Genesis Partners, Aleph, Insight Partners",,
Juanpi,1.1,4/14/2016,China,Wuhan,E-commerce & direct-to-consumer,"Tiantu Capital, SAIF Partners China, Newsion Venture Capital",,
Judo Bank,1.21,12/23/2020,Australia,Melbourne,Fintech,"Ironbridge Capital, OPTrust, Myer Family Investments",,
Juma Peisong,1.45,11/26/2018,China,Chengdu,"Supply chain, logistics, & delivery","Ding Xiang Capital, New Hope Fund, Sino-Ocean Capital",,
Jusfoun Big Data,1.62,7/9/2018,China,Beijing,Data management & analytics,"Boxin Capital, DT Capital Partners, IDG Capital",,
Justworks,1.43,1/28/2020,United States,New York,Internet software & services,"Index Ventures, Thrive Capital, Bain Capital Ventures",,
JUUL Labs,12,12/20/2017,United States,San Francisco,Consumer & retail,Tiger Global Management,,
K Health,1.5,1/19/2021,United States,New York,Health,"Max Ventures, Mangrove Capital Partners, 14W",,
Kajabi,2,5/4/2021,United States,Irvine,Internet software & services,"Meritech Capital Partners, Tiger Global Management, Spectrum Equity",,
Kaseya,2,3/27/2019,United States,Miami,Cybersecurity,"Insight Partners, TPG Alternative & Renewable Technologies, Ireland Strategic Investment Fund",,
Kavak,4,10/1/2020,Mexico,Lerma de Villada,E-commerce & direct-to-consumer,"DST Global, SoftBank Group, Mountain Nazca",2016,LATAM
Keep,2,5/19/2020,China,Beijing,Mobile & telecommunications,"Bertelsmann Asia Investments, GGV Capital, Morningside Venture Capital",,
KeepTruckin,2.3,4/23/2019,United States,San Francisco,"Supply chain, logistics, & delivery","Google Ventures, Index Ventures, Scale Venture Partners",,
Kendra Scott,1,12/21/2016,United States,Austin,Consumer & retail,"Berkshire Partners, Norwest Venture Partners",,
Kitopi,1,7/1/2021,United Arab Emirates,Dubai,"Supply chain, logistics, & delivery","CE-Ventures, BECO Capital, Nordstar",,
KK Group,3,10/23/2019,China,Dongguan,E-commerce & direct-to-consumer,"Matrix Partners China, Bright Venture Capita, Shenzhen Capital Group",,
KKW Beauty,1,6/29/2020,United States,Woodland Hills,E-commerce & direct-to-consumer,Coty,,
Klarna,45.6,12/12/2011,Sweden,Stockholm,Fintech,"Institutional Venture Partners, Sequoia Capital, General Atlantic",,
Klaviyo,9.2,11/17/2020,United States,Boston,Internet software & services,"Summit Partners, Accel, Astral Capital",,
Klook,1.35,8/7/2018,Hong Kong,Central,Travel,"Sequoia Capital China, Goldman Sachs, Matrix Partners China",,
KnowBox,1,5/30/2019,China,Beijing,Edtech,"TAL Education Group, Legend Star, Alibaba Group",,
Komodo Health,3.3,3/22/2021,United States,San Francisco,Health,"Andreessen Horowitz, IA Ventures, Felicis Ventures",,
Kong,1.4,12/31/2020,United States,San Francisco,Internet software & services,"New Enterprise Associates, CRV, Index Ventures",,
Koudai,1.4,10/23/2014,China,Beijing,E-commerce & direct-to-consumer,"New Enterprise Associates, Tiger Global management, Tencent",,
Krafton Game Union,5,8/9/2018,South Korea,Seongnam,Other,"Tencent Holdings, Stonebridge Capital, IMM Investment",,
Kraken,2.92,6/25/2019,United States,San Francisco,Fintech,"Bnk To The Future, Trammell Ventures, SBI Investment",,
KRY,2,4/27/2021,Sweden,Stockholm,Health,"Index Ventures, Creandum, Accel",,
Kuaigou Dache,1,7/13/2018,China,Tianjin,"Supply chain, logistics, & delivery","Sequoia Capital China, InnoVision Capital, Qianhai Fund of Funds",,
Kuaikan Manhua,2,12/1/2017,China,Beijing,Internet software & services,"Sequoia Capital China, CMC Capital Partners, Tencent Holdings",,
Kujiale,2,10/25/2019,China,Hangzhou,Internet software & services,"GGV Capital, IDG Capital, Linear Venture",,
Kurly,2.2,7/9/2021,South Korea,Seoul,"Supply chain, logistics, & delivery","Sequoia Capital China, DST Global, DST Global",,
L&P Cosmetic,1.19,1/1/2016,South Korea,Seoul,Consumer & retail,CDIB Capital,,
Lacework,1,1/7/2021,United States,San Jose,Cybersecurity,"Sutter Hill Ventures, Liberty Global Ventures, Coatue Management",,
Lalamove,10,2/21/2019,Hong Kong,Cheung Sha Wan,"Supply chain, logistics, & delivery","MindWorks Ventures, Shunwei Capital Partners, Xiang He Capital",,
Lamabang,1,3/6/2015,China,Shenzhen,E-commerce & direct-to-consumer,"5Y Capital, Matrix Partners China, K2VC",,
Lattice,1,3/23/2021,United States,San Francisco,Internet software & services,"Khosla Ventures, Thrive Capital, Y Combinator",,
Leap Motor,1.01,11/20/2018,China,Hangzhou,Auto & transportation,"Sequoia Capital China, Gopher Asset Management, Shanghai Electric Group",,
Ledger,1.5,6/10/2021,France,Paris,Hardware,"Digital Currency Group, Draper Esprit, Korelya Capital",,
Lenskart,2.5,12/20/2019,India,Faridabad,E-commerce & direct-to-consumer,"Chiratae Ventures, PremjiInvest, Softbank",,
LetsGetChecked,1,6/7/2021,Ireland,Dublin,Health,"Optum Ventures, Qiming Venture Partners, Transformation Capital",,
Lianjia,5.77,4/7/2016,China,Beijing,E-commerce & direct-to-consumer,"Tencent, Baidu, Huasheng Capital",,
LifeMiles,1.15,7/13/2015,Colombia,Bogota,Other,Advent International,2013,LATAM
Lightricks,1,7/31/2019,Israel,Jerusalem,Artificial intelligence,"Viola Ventures, Insight Partners, ClalTech, Goldman Sachs",,
Lilium Aviation,1,6/9/2020,Germany,Wessling,Other,"Freigeist Capital, Obvious Ventures, Atomico",,
LinkDoc Technology,1,7/5/2018,China,Beijing,Health,"China Investment Corporation, New Enterprise Associates",,
LinkSure Network,1,1/1/2015,China,Shanghai,Mobile & telecommunications,N/A,,
Liquid,1,4/3/2019,Japan,Tokyo,Fintech,"JAFCO Co, Bitmain Technologies, IDG Capital",,
Locus Robotics,1,2/17/2021,United States,Wilmington,Hardware,"Scale Venture Partners, Bond, Tiger Global Management",,
Loft,2.9,1/3/2020,Brazil,Sao Paulo,E-commerce & direct-to-consumer,"Monashees+, Andreessen Horowitz, QED Investors",2018,LATAM
Loggi,2,6/5/2019,Brazil,Sao Paulo,"Supply chain, logistics, & delivery","Qualcomm Ventures, SoftBank Group. Monashees+",2013,LATAM
Lookout,1,10/10/2013,United States,San Francisco,Cybersecurity,"Accel Partners, Greylock Partners, Lowercase Capital",,
Loom,1.53,5/20/2021,United States,San Francisco,Internet software & services,"Kleiner Perkins Caufield & Byers, Sequoia Capital, General Catalyst",,
Lucid Software,3,6/29/2021,United States,South Jordan,Internet software & services,"Spectrum Equity, ICONIQ Capital, Grayhawk Capital",,
Lunar,1,7/12/2021,Denmark,Aarhus,Fintech,"SEED Capital, Greyhound Capital, Socii Capital",,
Luoji Siwei,1.18,7/20/2017,China,Beijing,Edtech,"Sequoia Capital China, Qiming Venture Partners, Tencent Holdings",,
Lyra Health,4.6,8/25/2020,United States,Burlingame,Health,"Greylock Partners, Venrock, Providence Ventures",,
M1 Finance,1.45,7/14/2021,United States,Chicago,Fintech,"Left Lane Capital, Clocktower Technology Ventures, Jump Capital",,
MadeiraMadeira,1,1/7/2021,Brazil,Parana,E-commerce & direct-to-consumer,"Flybridge Capital Partners, SoftBank Group, Monashees+",2009,LATAM
Mafengwo,2,5/23/2019,China,Beijing,Travel,"Qiming Venture Partners, Capital Today, General Atlantic",,
Magic Leap,4.82,10/21/2014,United States,Plantation,Hardware,"Obvious Ventures, Qualcomm Ventures, Andreessen Horowitz",,
Maimai,1,11/15/2017,China,Beijing,Mobile & telecommunications,"Morningside Venture Capital, IDG Capital, DCM Ventures",,
Mambu,2.08,1/6/2021,Germany,Berlin,Fintech,"Runa Capital, Acton Capital Partners, Point Nine Capital",,
Manner,1.3,12/24/2020,China,Shanghai,Other,"Coatue Management, H Capital, Capital Today",,
ManoMano,2.6,7/5/2021,France,Paris,E-commerce & direct-to-consumer,"General Atlantic, Piton Capital, Partech Partners",,
MasterClass,2.75,5/13/2021,United States,San Francisco,Edtech,"Institutional Venture Partners, New Enterprise Associates, Javelin Venture Partners",,
MediaMath,1,7/10/2018,United States,New York,Internet software & services,"Silicon Valley Bank, QED Investors, European Founders Fund",,
Medlinker,1,7/31/2018,China,Chengdu,Health,"China Health Industry Investment Fund, China Renaissance, and Sequoia Capital China",,
Meero,1,6/18/2019,France,Paris,Artificial intelligence,"Aglae Ventures, Global Founders Capital, Alven Capital",,
Meesho,2.1,4/5/2021,India,Bengaluru,Internet software & services,"Venture Highway, Sequoia Capital India, Prosus Ventures",,
MEGVII,4,10/31/2017,China,Beijing,Artificial intelligence,"Ant Financial Services Group, Russia-China Investment Fund, Foxconn Technology Company",,
Meicai,2.8,6/22/2016,China,Beijing,Mobile & telecommunications,"Tiger Global Management, Blue Lake Capital, ZhenFund",,
Meizu Technology,4.58,7/23/2014,China,Zhuhai,Hardware,"Telling Telecommunication Holding Co., Alibaba Group",,
Melio,1.34,1/25/2021,Israel,Tel Aviv,Fintech,"Accel, Aleph, American Express Ventures",,
Mercury,1.6,7/3/2021,United States,San Francisco,Fintech,"Andreessen Horowitz, Coatue Management, Clocktower Technology Ventures",,
MessageBird,3.8,10/8/2020,Netherlands,Amsterdam,Mobile & telecommunications,"Y Combinator, Atomico, Accel",,
Mia.com,1,9/8/2015,China,Beijing,E-commerce & direct-to-consumer,"Sequoia Capital China, ZhenFund, K2 Ventures",,
Miaoshou Doctor,1,6/27/2019,China,Beijing,E-commerce & direct-to-consumer,"Sequoia Capital China, Qiming Venture Partners, Tencent Holdings",,
MindMaze,1,1/28/2016,Switzerland,Lausanne,Health,Hinduja Group,,
Mininglamp Technology,1.19,3/27/2019,China,Beijing,Artificial intelligence,"Russia-China Investment Fund, Tencent Holdings, Sequoia Capital China",,
Mirakl,1.5,9/22/2020,France,Paris,E-commerce & direct-to-consumer,"Elaia Partners, 83North, Felix Capital",,
Misfits Market,1.1,4/21/2021,United States,Pennsauken,E-commerce & direct-to-consumer,"Accel, D1 Capita Partners, Greenoaks Capital Management",,
MobileCoin,1,7/7/2021,United States,San Francisco,Fintech,"General Catalyst, Future Ventures, AU21",,
Mobvoi,1,4/6/2017,China,Beijing,Consumer & retail,"Sequoia Capital China, SIG Asia Investments, ZhenFund",,
Modern Health,1.17,2/11/2021,United States,San Francisco,Health,"Kleiner Perkins Caufield & Byers, Afore Capital, Founders Fund",,
Modernizing Medicine,1,5/10/2017,United States,Boca Raton,Health,"Warburg Pincus, Summit Partners, Sands Capital",,
Mofang Living,1.5,4/13/2016,China,Shanghai,E-commerce & direct-to-consumer,"Warburg Pincus, Aviation Industry Corporation of China",,
Moglix,1,5/17/2021,Singapore,,E-commerce & direct-to-consumer,"Jungle Ventures, Accel, Venture Highway",,
Mollie,6.5,9/8/2020,Netherlands,Amsterdam,Fintech,Technology Crossover Ventures,,
MOLOCO,1,4/29/2021,United States,Redwood City,Artificial intelligence,"Smilegate Investment, DSC Investments, KTB Ventures",,
Momenta,1,10/17/2018,China,Beijing,Artificial intelligence,"Sinovation Ventures, Tencent Holdings, Sequoia Capital China",,
Monzo,1.61,10/31/2018,United Kingdom,London,Fintech,"Passion Capital, Thrive Capital, Orange Digital Ventures",,
Morning Consult,1,6/8/2021,United States,Washington DC,Internet software & services,"Advance Venture Partners, Susquehanna Growth Equity, Lupa Systems",,
Moveworks,2.1,6/30/2021,United States,Mountain View,Artificial intelligence,"Lightspeed Venture Partners, Sapphire Ventures, Kleiner Perkins Caufield & Byers",,
Movile,1,7/12/2018,Brazil,Sao Paulo,Mobile & telecommunications,"Innova Capital - FIP, 3G Capital Management, Prosus Ventures",1998,LATAM
Mu Sigma,1.5,2/7/2013,United States,Northbrook,Data management & analytics,"Sequoia Capital, General Atlantic",,
MURAL,2,7/20/2021,United States,San Francisco,Internet software & services,"Insight Partners, Tiger Global Management, Gradient Ventures",,
MUSINSA,2.2,11/11/2019,South Korea,Seoul,E-commerce & direct-to-consumer,Sequoia Capital,,
Mux,1,4/30/2021,United States,San Francisco,Internet software & services,"Accel, Cobalt Capital, Andreessen Horowitz",,
MX Technologies,1.9,1/13/2021,United States,Lehi,Fintech,"Point72 Ventures, Pelion Venture Partners, Commerce Ventures",,
N26,3.5,1/10/2019,Germany,Berlin,Fintech,"Redalpine Venture Partners, Earlybird Venture Capital, Valar Ventures",,
National Stock Exchange of India,6.5,7/1/2020,India,Mumbai,Fintech,"TA Associates, SoftBank Group, GS Growth",,
Netskope,7.5,11/13/2018,United States,Santa Clara,Cybersecurity,"Lightspeed Venture Partners, Social Capital, Accel",,
Newsela,1,2/25/2021,United States,New York,Internet software & services,"Owl Ventures, Technology Crossover Ventures, Tao Capital Partners",,
Next Insurance,4,10/7/2019,United States,Palo Alto,Fintech,"Zeev Ventures, Ribbit Capital, TLV Partners",,
Next Silicon,1.5,6/14/2021,Israel,Tel Aviv,Hardware,"Amiti Ventures, Playground Global, Aleph",,
Nextdoor,2.1,3/4/2015,United States,San Francisco,Internet software & services,"Benchmark Capital, DAG Ventures, Insight Venture Partners",,
Nexthink,1.1,2/8/2021,Switzerland,Prilly,Data management & analytics,"Auriga, Galeo Ventures, Highland Europe",,
Niantic,4,11/24/2017,United States,San Francisco,Mobile & telecommunications,"Nintendo, Google, Pokemon Company International, Spark Capital",,
Noom,3.7,5/24/2021,United States,New York,Health,"Qualcomm Ventures, Samsung Ventures, Silver Lake",,
Northvolt,9.08,6/12/2019,Sweden,Stockholm,Other,"Vattenfall, Volkswagen Group, Goldman Sachs",,
Notion Labs,2,4/1/2020,United States,San Francisco,Internet software & services,"Index Ventures, Draft Ventures, Felicis Ventures",,
Nubank,30,3/1/2018,Brazil,Sao Paulo,Fintech,"Sequoia Capital, Redpoint e.ventures, Kaszek Ventures",2013,LATAM
NuCom Group,2.2,2/22/2018,Germany,Unterfoehring,Other,General Atlantic,,
Numbrs,1,8/22/2019,Switzerland,Zurich,Fintech,"Investment Corporation of Dubai, Centralway",,
Nuro,5,2/11/2019,United States,Mountain View,Auto & transportation,"SoftBank Group, Greylock Partners, Gaorong Capital",,
Nxin,1.08,9/18/2018,China,Beijing,Internet software & services,"Beijing Juneng Hesheng Industry Investment Fund, Beijing Shuju Xinrong Fund",,
Nykaa,1.2,4/1/2020,India,Mumbai,E-commerce & direct-to-consumer,"TVS Capital, TPG Growth, Steadview Capital",,
o9 Solutions,1,4/28/2020,United States,Dallas,Artificial intelligence,KKR,,
OakNorth,2.8,10/12/2017,United Kingdom,London,Fintech,"Clermont Group, Coltrane Asset Management, Toscafund Asset Management",,
OCSiAl,1,3/4/2019,Luxembourg,Leudelange,Other,"A&NN, Rusnano",,
Ola Cabs,6.3,10/27/2014,India,Bengaluru,Auto & transportation,"Accel Partners, SoftBank Group, Sequoia Capital",,
Ola Electric Mobility,1,7/2/2019,India,Bengaluru,Auto & transportation,"SoftBank Group, Tiger Global Management, Matrix Partners India",,
Olive,4,12/1/2020,United States,Columbus,Internet software & services,"Drive Capital, General Catalyst, Ascension Ventures",,
Omio,1,10/23/2018,Germany,Berlin,Travel,"Lakestar, Battery Ventures, New Enterprise Associates",,
One97 Communications,16,5/12/2015,India,Noida,Fintech,"Intel Capital, Sapphire Ventures, Alibaba Group",,
OneTrust,5.1,7/11/2019,United States,Atlanta,Internet software & services,Insight Partners,,
OnlinePajak,1.7,7/15/2021,Indonesia,Jakarta,Fintech,"Sequoia Capital India, Warburg Pincus, Altos Ventures",,
OpenAI,2.92,7/22/2019,United States,San Francisco,Artificial intelligence,Khosla Ventures,,
OpenSea,1.5,7/20/2021,United States,New York,E-commerce & direct-to-consumer,"Andreessen Horowitz, Thirty Five Ventures, Sound Ventures",,
Orbbec Technology,1,5/21/2018,China,Shenzhen,Hardware,"R-Z Capital, Green Pine Capital Partners, SAIF Partners China",,
Orca Bio,1,6/17/2020,United States,Menlo Park,Health,"Lightspeed Venture Partners, Data Collective, 8VC",,
Orca Security,1.75,3/23/2021,Israel,Tel Aviv-Yafo,Cybersecurity,"YL Ventures, Redpoint Ventures, GGV Capital",,
OrCam Technologies,1.03,2/20/2018,Israel,Jerusalem,Artificial intelligence,"Intel Capital, Aviv Venture Capital",,
Otto Bock HealthCare,3.52,6/24/2017,Germany,Duderstadt,Health,EQT Partners,,
Outreach,4.4,4/16/2019,United States,Seattle,Internet software & services,"Mayfield Fund, M12, Trinity Ventures",,
Outschool,1.3,4/14/2021,United States,San Francisco,Edtech,"Uniion Square Ventures, Tiger Global Management, Lightspeed Venture Capital",,
OutSystems,9.5,6/5/2018,United States,Boston,Internet software & services,"KKR, ES Ventures, North Bridge Growth Equity",,
Ouyeel,1.45,6/27/2019,China,Shanghai,Internet software & services,Taigang Venture Capital,,
OVH,1.1,8/15/2016,France,Roubaix,Other,"KKR, TowerBrook Capital Partners",,
Ovo,2.9,3/14/2019,Indonesia,Jakarta,Fintech,"Grab, Tokopedia, Tokyo Century Corporation",,
OVO Energy,1.28,2/14/2019,United Kingdom,Bristol,Other,"Mitsubishi Corporation, Mayfair Equity Partners",,
OwnBackup,1.4,1/28/2021,United States,Englewood Cliffs,Data management & analytics,"Insight Partners, Salesforce Ventures, Vertex Ventures",,
Oxford Nanopore Technologies,3.47,5/6/2012,United Kingdom,Oxford,Health,"Illumina, Invesco Perpetual, IP Group",,
OYO Rooms,9,9/25/2018,India,Gurugram,Travel,"SoftBank Group, Sequoia Capital India,Lightspeed India Partners",,
Pacaso,1,3/24/2021,United States,Cincinnati,Fintech,"Global Founders Capital, Shea Ventures, Greycroft",,
Paidy,1.2,3/30/2021,Japan,Tokyo,Fintech,"ITOCHU Corporation, Arbor Ventures, Soros Fund Management",,
Pantheon Systems,1,7/13/2021,United States,San Francisco,Internet software & services,"Foundry Group, Scale Venture Partners, SoftBank Group",,
Papaya Global,1,3/4/2021,United States,New York,Internet software & services,"Bessemer Venture Partners, Insight Partners, New Era Ventures",,
Pat McGrath Labs,1,7/16/2018,United States,New York,Consumer & retail,"One Luxury Group, Eurazeo",,
Patreon,4,9/2/2020,United States,San Francisco,Internet software & services,"Index Ventures, Thrive Capital, CRV",,
PatSnap,1,3/16/2021,Singapore,,Internet software & services,"Sequoia Capital China, Shunwei Capital Partners, Qualgro",,
PAX,1.7,10/22/2018,United States,San Francisco,Consumer & retail,"Tao Capital Partners, Global Asset Capital, Tiger Global Management",,
Paxos,2.4,4/29/2021,United States,New York,Fintech,"Liberty City Ventures, RRE Ventures, Mithril Capital Management",,
Pendo,1,10/17/2019,United States,Raleigh,Internet software & services,"Contour Venture Partners, Battery Ventures, Core Capital Partners",,
Personio,1.7,1/19/2021,Germany,Munich,Internet software & services,"Global Founders Capital, Nortzone Ventures, Picus Capital",,
Pharmapacks,1.1,11/12/2020,United States,Islandia,E-commerce & direct-to-consumer,The Carlyle Group,,
Phenom People,1.4,4/7/2021,United States,Ambler,Internet software & services,"Sierra Ventures, AXA Venture Partners, Sigma Prime Ventures",,
Pilot.com,1.2,3/26/2021,United States,San Francisco,Fintech,"Index Ventures, Sequoia Capital, Bezos Expeditions",,
Pine Labs,3,1/24/2020,India,Noida,Fintech,"Sequoia Capital India, Temasek, PayPal Ventures",,
Pipa Coding,1.2,3/25/2021,China,Beijing,Edtech,"Source Code Capital, XVC Venture Capital, Hillhouse Capital Management",,
Pipe,2,5/19/2021,United States,Miami,Fintech,"next47, MaC Venture Capital, FinVC",,
Plaid Technologies,13.4,12/11/2018,United States,San Francisco,Fintech,"New Enterprise Associates, Spar Capital, Index Ventures",,
Planet Labs,2.2,4/13/2015,United States,San Francisco,Other,"Threshold Ventures, O'Reilly AlphaTech Ventures, Data Collective",,
Playco,1,9/21/2020,Japan,Tokyo,Other,"Sozo Ventures, Caffeinated Capital, Sequoia Capital",,
Pleo,1.7,7/6/2021,Denmark,Copenhagen,Fintech,"Creandum, Founders, Kinnevik",,
Plume,1.35,2/23/2021,United States,Palo Alto,Internet software & services,"Insight Partners, Jackson Square Ventures, Liberty Gloval Ventures",,
Podium,1.5,4/7/2020,United States,Lehi,Internet software & services,"Accel, Summit Partners, Google Ventures",,
PointClickCare,4,1/7/2021,Canada,Mississauga,Internet software & services,"Dragoneer Investment Group, Hellman & Friedman, JMI Equity",,
Poizon,1,4/29/2019,China,Shanghai,Mobile & telecommunications,"DST Global, Sequoia Capital China, Gaorong Capital",,
PolicyBazaar,2.4,5/6/2019,India,Gurgaon,Fintech,"Info Edge, Softbank Capital",,
Pony.ai,5.3,7/11/2018,United States,Fremont,Artificial intelligence,"Sequoia Capital China, IDG Capital, DCM Ventures",,
Postman,2,6/11/2020,United States,San Francisco,Internet software & services,"Nexus Venture Partners, CRV, Insight Partners",,
PPRO,1,1/19/2021,United Kingdom,London,Fintech,"Wellington Management, Eurazeo, Citi Ventures",,
Preferred Networks,2,5/17/2018,Japan,Tokyo,Artificial intelligence,"Toyota Motor Corporation, Mizuho Financial Group, FANUC",,
Prime Medicine,1.2,7/13/2021,United States,Cambridge,Health,"Newpath Partners, Google Ventures, F-Prime Capital",,
Printful,1,5/24/2021,United States,Charlotte,Other,Bregal Sagemount,,
Project44,1.2,6/1/2021,United States,Chicago,"Supply chain, logistics, & delivery","Emergence Capital Partners, 8VC, Chicago Ventures",,
Promasidor Holdings,1.59,11/8/2016,South Africa,Bryanston,Consumer & retail,"IFC, Ajinomoto",,
Proterra,1.05,10/15/2020,United States,Burlingame,"Supply chain, logistics, & delivery","GM Ventures, VentureSouth, Kleiner Perkins Caufield & Byers",,
Public,1.2,2/17/2021,United States,New York,Fintech,"Accel, Greycroft, Advancit Capital",,
Qingting FM,1.1,6/2/2021,China,Shanghai,Internet software & services,"China Culture Industrial Investment Fund, We Capital, China Minsheng Investment Group",,
Qualia,1,12/21/2020,United States,San Francisco,Fintech,"8VC, Menlo Ventures, Tiger Global Management",,
Quanergy Systems,2,8/22/2016,United States,Sunnyvale,Auto & transportation,"Delphi Automotive, Samsung Ventures, Motus Ventures",,
Quantum Metric,1,1/7/2021,United States,Colorado Springs,Data management & analytics,"Insight Partners, Bain Capital Ventures",,
QuintoAndar,4,9/9/2019,Brazil,Campinas,E-commerce & direct-to-consumer,"Kaszek Ventures, General Atlantic, SoftBank Group",2012,LATAM
Quizlet,1,5/13/2020,United States,San Francisco,Edtech,"Union Square Ventures, Altos Ventures, Costanoa Ventures",,
Qumulo,1.2,7/16/2020,United States,Seattle,Data management & analytics,"Madrona Venture Group, Kleiner Perkins Caufield & Byers, Highland Capital Partners",,
Quora,2,4/21/2017,United States,Mountain View,Internet software & services,"Y Combinator, Matrix Partners, Benchmark",,
Radiology Partners,4,7/19/2019,United States,El Segundo,Health,"New Enterprise Associates, Starr Investment Holdings",,
Radius Payment Solutions,1.07,11/27/2017,United Kingdom,Crewe,Fintech,Inflexion Private Equity,,
Ramp Financial,1.6,3/29/2021,United States,New York,Fintech,"D1 Capital Partners, Stripe, Coatue Management",,
Rani Therapeutics,1,2/8/2018,United States,San Jose,Health,"Google Ventures, VentureHealth, InCube Ventures",,
Rappi,5.25,8/31/2018,Colombia,Bogota,"Supply chain, logistics, & delivery","DST Global, Andreessen Horowitz, Sequoia Capital, Redpoint e.ventures",2015,LATAM
Rapyd,2.5,12/3/2019,United Kingdom,London,Fintech,"Target Global, General Catalyst, Durable Capital Partners",,
Razorpay,3,10/11/2020,India,Bengaluru,Fintech,"Sequoia Capital India, Tiger Global Management, Matrix Partners India",,
Rec Room,1.25,3/23/2021,United States,Seattle,Internet software & services,"First Round Capital, Sequoia Capital, Index Ventures",,
ReCharge,2.1,5/6/2021,United States,Los Angeles,Fintech,"ICONIQ Growth, Bain Capital Ventures, Summit Partners",,
Red Ventures,1,1/7/2015,United States,Fort Mill,Other,"Silver Lake Partners, General Atlantic",,
reddit,6,7/31/2017,United States,San Francisco,Internet software & services,"Y Combinator, Sequoia Capital, Coatue Management",,
Redis Labs,2,8/25/2020,United States,Mountain View,Data management & analytics,"Viola Ventures, Dell Technologies Capital, Bain Capital Ventures",,
REEF Technology,1,12/10/2018,United States,Miami,"Supply chain, logistics, & delivery","Target Global, UBS Asset Management, Mubadala Capital",,
Relativity,3.6,3/18/2021,United States,Chicago,Internet software & services,"Silver Lake, ICONIQ Capital",,
Relativity Space,4.2,11/23/2020,United States,Inglewood,Other,"Playground Global, Bond, Tribe Capital",,
Remitly,1.5,7/10/2019,United States,Seattle,Fintech,"DN Capital, Threshold Ventures, Trilogy Equity Partners",,
Remote,1,7/13/2021,United States,San Francisco,Fintech,"Index Ventures, Sequoia Capital, General Catalyst",,
ReNew Power,2.28,2/14/2017,India,Gurugram,Other,"Goldman Sachs, JERA, Asian Development Bank",,
Revolut,33,4/26/2018,United Kingdom,London,Fintech,"index Ventures, DST Global, Ribbit Capital",,
Revolution Precrafted,1,10/23/2017,Philippines,Manila,Other,"K2 Global, 500 Startups",,
Rightway,1.1,3/30/2021,United States,New York,Health,"Thrive Capital, Khosla Ventures, Tiger Global Management",,
Ripple,10,12/20/2019,United States,San Francisco,Fintech,"IDG Capital, Venture51, Lightspeed Venture Partners",,
Rippling,1.35,8/4/2020,United States,San Francisco,Internet software & services,"Initialized Capital, Y Combinator, Kleiner Perkins Caufield & Byers",,
Riskified,1,11/5/2019,United States,New York,Cybersecurity,"Entree Capital, Genesis Partners, Qumra Capital",,
Rivian,27.6,9/10/2019,United States,Plymouth,Auto & transportation,"Amazon, Ford Motor Company, Cox Automotive",,
Rivigo,1.07,7/11/2019,India,Gurgaon,"Supply chain, logistics, & delivery","SAIF Partners India, Warburg Pincus, Trifecta Capital Advisors",,
Ro,5,7/27/2020,United States,New York,Health,"Initialized Capital, General Catalyst, SignalFire",,
Robinhood,11.7,4/26/2017,United States,Menlo Park,Fintech,"Google Ventures, Andreessen Horowitz, DST Global",,
Rocket Lab,1.3,3/21/2017,United States,Long Beach,Other,"Lockheed Martin, Khosla Ventures, Bessemer Venture Partners",,
Rohlik,1.2,7/1/2021,Czech Republic,Prague,"Supply chain, logistics, & delivery","Partech Partners, Index Ventures, Quadrille Capital",,
Roivant Sciences,9.09,8/9/2017,United States,New York,Health,"SoftBankGroup, Founders Fund",,
Royole Corporation,6,8/18/2015,China,Shenzhen,Hardware,"Warmsun Holding, IDG Capital Partners",,
Rubicon Global,1.07,8/25/2017,United States,Atlanta,Other,"Goldman Sachs, Leonardo DiCaprio, Promecap",,
Rubrik,3.3,4/28/2017,United States,Palo Alto,Data management & analytics,"Greylock Partners, Lightspeed Venture Partners, Khosla Ventures",,
SafetyCulture,1.6,5/3/2021,Australia,Sydney,Internet software & services,"Blackbird Ventures, IndexVentures, Tiger Global Management",,
SalesLoft,1.1,1/6/2021,United States,Atlanta,Internet software & services,"Caffeinated Capital, Obvious Ventures, Venrock",,
SaltPay,1,4/23/2021,United Kingdom,London,Fintech,"Tiger Global Management, Hedosophia",,
SambaNova Systems,5,4/13/2021,United States,Palo Alto,Data management & analytics,"Walden International, Google Ventures, Intel Capital",,
Samsara Networks,6.3,3/22/2018,United States,San Francisco,Hardware,"Andreessen Horowitz, General Catalyst",,
Savage X Fenty,1.2,3/16/2021,United States,El Segundo,E-commerce & direct-to-consumer,"Speedinvest, Valar Ventures, Uniqa Ventures",,
Scalable Capital,1.4,6/8/2021,Germany,Munich,Fintech,"BlackRock, Tengelmann Ventures, Holtzbrinck Ventures",,
Scale AI,7.3,8/5/2019,United States,San Francisco,Artificial intelligence,"Accel, Y Combinator, Index Ventures",,
Scopely,3.3,10/29/2019,United States,Culver City,Mobile & telecommunications,"Greycroft, Sands Capital, Revolution Growth",,
Seismic,1.6,12/18/2018,United States,San Diego,Internet software & services,"Jackson Square Ventures, General Atlantic, Lightspeed Venture Partners",,
Sema4,1.1,7/29/2020,United States,Stamford,Health,"Blackrock, Connecticut Innovations, Deerfield Management",,
Sendbird,1.05,4/6/2021,United States,San Mateo,Mobile & telecommunications,"FundersClub, Y Combinator, Tiger Global Management",,
Sennder,1.1,1/14/2021,Germany,Berlin,"Supply chain, logistics, & delivery","Accelm Scania Growth Capital, Lakestar",,
SenseTime,12,7/11/2017,China,Shanghai,Artificial intelligence,"Star VC, IDG Capital, Infore Capital, Alibaba Group",,
Sentry,1,2/18/2021,United States,San Francisco,Other,"New Enterprise Associates, Accel, Bond",,
ServiceTitan,9.5,11/14/2018,United States,Glendale,Internet software & services,"Bessemer Venture Partners, ICONIQ Capital, Battery Ventures",,
ShareChat,2.1,4/8/2021,India,Bengaluru,Internet software & services,"India Quotient, Elevation Capital, Lightspeed Venture Partners",,
SHEIN,15,7/3/2018,China,Shenzhen,E-commerce & direct-to-consumer,"Tiger Global Management, Sequoia Capital China, Shunwei Capital Partners",,
Shift Technology,1,5/5/2021,France,Paris,Artificial intelligence,"Griffin Gaming Partners, Andreessen Horowitz, Battery Ventures",,
ShipBob,1,6/29/2021,United States,Chicago,"Supply chain, logistics, & delivery","Hyde Park Venture Partners, FundersClub. Bain Capital Ventures",,
Shippo,1,6/2/2021,United States,San Francisco,"Supply chain, logistics, & delivery","Version One Ventures, Uncork Capital, Bessemer Venture Partners",,
Side,2.5,3/22/2021,United States,San Francisco,Internet software & services,"Coatue Managemeny, Trinity Ventures, Matrix Partners",,
Sidecar Health,1,1/26/2021,United States,El Segundo,Fintech,"GreatPoint Ventures, Tiger Global Management, Menlo Ventures",,
Sift,1,4/22/2021,United States,San Francisco,Artificial intelligence,"Union Square Ventures, Insight Partners, Spark Capital",,
Signifyd,1.34,4/15/2021,United States,San Jose,Fintech,"Menlo Ventures, Resolute Ventures, IA Ventures",,
Sila Nanotechnologies,3.3,4/16/2019,United States,Alameda,Other,"Bessemer Venture Partners, Sutter Hill Ventures, Matrix Partners",,
Sisense,1.1,1/9/2020,United States,New York,Data management & analytics,"Opus Capital, Genesis Partners, Battery Ventures",,
SITECH DEV,1,5/16/2019,China,Guiyang,Other,China Prosperity Capital,,
Skims,1.6,4/9/2021,United States,Los Angeles,E-commerce & direct-to-consumer,"Thrive Capital, Alliance Consumer Growth, Imaginary Ventures",,
Skydance Media,2.3,2/11/2020,United States,Santa Monica,Other,"RedBird Capital Partners, CJ ENM, Tencent Holdings",,
Skydio,1,2/25/2021,United States,Redwood City,"Supply chain, logistics, & delivery","Andreessen Horowitz, Andreessen Horowitz, Institutional Venture Partners, Accel",,
SmartAsset,1,6/24/2021,United States,New York,Fintech,"Javelin Venture Partners, TTV Capital, Peterson Ventures",,
SmartHR,1.6,6/8/2021,Japan,Tokyo,Fintech,"BEENEXT, World Innovation Lab, Light Street Capital",,
SmartMore,1.2,6/24/2021,China,Shenzhen,Artificial Intelligence,"IDG Capital, ZhenFund, Sequoia Capital China",,
SmartNews,1.2,8/5/2019,Japan,Tokyo,Mobile & telecommunications,"Japan Post Capital, Globis Capital Partners, Atomico",,
SMS Assist,1,6/7/2016,United States,Chicago,Internet software & services,"Goldman Sachs, Insights Venture Partners, Pritzker Group Venture Capital",,
Snapdeal,1,5/21/2014,India,New Delhi,E-commerce & direct-to-consumer,"SoftBankGroup, Blackrock, Alibaba Group",,
Snapdocs,1.5,5/25/2021,United States,San Francisco,Fintech,"Sequoia Capital, Y Combinator, F-Prime Capital",,
Snyk,4.7,1/21/2020,United Kingdom,Reading,Cybersecurity,"BOLDstart Ventures, Google Ventures, Accel",,
Socar,1,10/16/2020,South Korea,Jeju-do,Auto & transportation,"Bain Capital, Altos Ventures, Songhyun Investment",,
Socure,1.3,3/16/2021,United States,New York,Cybersecurity,"Two Sigma Ventures, Flint Capital, Commerce Ventures",,
solarisBank,1.61,7/13/2021,Germany,Berlin,Fintech,"Yabeo Capital, SBI Investment, Vulcan Capital",,
Sonder,1.3,7/11/2019,United States,San Francisco,Travel,"Structure Capital, Spark Capital, Greylock Partners",,
Sorare,3.8,7/17/2021,France,Paris,E-commerce & direct-to-consumer,"Y Combinator, Atomico, Accel",,
SouChe Holdings,3,11/1/2017,China,Hangzhou,E-commerce & direct-to-consumer,"Morningside Ventures, Warburg Pincus, CreditEase Fintech Investment Fund",,
SoundHound,1,5/3/2018,United States,Santa Clara,Artificial intelligence,"Tencent Holdings, Walden Venture Capital, Global Catalyst Partnera",,
Sourcegraph,2.6,7/13/2021,United States,San Francisco,Internet software & services,"Redpoint Ventures, Goldcrest Capital, Insight Partners",,
SpaceX,74,12/1/2012,United States,Hawthorne,Other,"Founders Fund, Draper Fisher Jurvetson, Rothenberg Ventures",,
Splashtop,1,1/27/2021,United States,San Jose,Internet software & services,"Storm Ventures, DFJ DragonFund, New Enterprise Associates",,
Sportradar,2.4,7/9/2018,Switzerland,St. Gallen,Internet software & services,"EQT Partners, Technology Crossover Ventures, Canada Pension Plan Investment Board",,
SpotOn,1.88,5/26/2021,United States,San Francisco,Fintech,"Dragoneer Investment Group, DST Global, Franklin Templeton",,
SSENSE,4.15,6/8/2021,Canada,Montreal,E-commerce & direct-to-consumer,Sequoia Capital,,
Standard Cognition,1,2/17/2021,United States,San Francisco,Artificial intelligence,"CRV, Y Combinator, Initialized Capital",,
Star Charge,2.41,5/19/2021,China,Changzhou,Auto & transportation,"Shunwei Capital Partners, China Media Group, Guangzhou Huiyin Aofeng Equity Investment Fund",,
Starburst,1.2,1/6/2021,United States,Boston,Data management & analytics,"Index Ventures, Coatue Management, Andreessen Horowitz",,
Starling Bank,1.95,3/8/2021,United Kingdom,London,Fintech,"JTC Group, Qatar Investment Authority, Fidelity Investment",,
Starry,1.29,7/3/2018,United States,Boston,Mobile & telecommunications,"Social Capital, Bessemer Venture Partners",,
Stash,1.4,2/3/2021,United States,New York,Fintech,"Goodwater Capital, Entree Capital, Valar Ventures",,
StockX,3.8,6/26/2019,United States,Detroit,E-commerce & direct-to-consumer,"Google Ventures, Battery Ventures, DST Global",,
Strava,1.5,11/16/2020,United States,San Francisco,Internet software & services,"Jackson Square Ventures, Madrone Capital Partners, Sequoia Capital",,
Stripe,95,1/23/2014,United States,San Francisco,Fintech,"Khosla Ventures, LowercaseCapital, capitalG",,
SumUp,1,7/16/2019,United Kingdom,London,Fintech,"American Express Ventures, Goldman Sachs, Bain Capital Credit",,
Sunbit,1.1,5/20/2021,United States,Los Angeles,Fintech,"Zeev Ventures, Group11, Chicago Ventures",,
sweetgreen,1.6,11/13/2018,United States,Culver City,Consumer & retail,"Red Sea Ventures, Fidelity Investments, Revolution",,
Swiggy,5.5,6/21/2018,India,Bengaluru,"Supply chain, logistics, & delivery","Accel India, SAIF Partners, Norwest Venture Partners",,
Symphony,1.4,5/16/2017,United States,New York,Fintech,"BNP Paribas, Goldman Sachs, Google",,
Sysdig,1.19,4/28/2021,United States,San Francisco,Cybersecurity,"Accel, Bain Capital Ventures, Insight Partners",,
Talkdesk,3,10/3/2018,United States,San Francisco,Internet software & services,"DJF, Salesforce Ventures, Storm Ventures",,
TalkingData,1.3,1/6/2021,China,Beijing,Mobile & telecommunications,"N5 Capital, CR Capital Mgmt, JD Digits",,
TangoMe,1.1,3/20/2014,United States,Mountain View,Mobile & telecommunications,"Draper Fisher Jurtson, Qualcomm Ventures, Alibaba Group",,
Tanium,9,3/31/2015,United States,Kirkland,Cybersecurity,"Andreessen Horowitz, Nor-Cal Invest, TPG Growth",,
Tealium,1.2,2/3/2021,United States,San Diego,Internet software & services,"Georgian Partners, Silver Lake, Presidio Ventures",,
TechStyle Fashion Group,1,8/29/2014,United States,El Segundo,E-commerce & direct-to-consumer,"Matrix Partners, Passport Capital, Rho Ventures",,
Tekion,1,10/21/2020,United States,San Ramon,Internet software & services,"Airbus Ventures, Index Ventures, Advent International",,
TELD,1.12,12/16/2019,China,Qingdao,Fintech,"China Reform Fund, Gaopeng Capital, Jinhui Xingye",,
Tempus,8.1,3/21/2018,United States,Chicago,Health,"New Enterprise Associates, T. Rowe Associates, Lightbank",,
TensTorrent,1,5/5/2021,Canada,Toronto,Artificial intelligence,"Eclipse Ventures, Fidelity Investments, Moore Capital Management",,
TERMINUS Technology,1,10/25/2018,China,Beijing,Hardware,"China Everbright Limited, IDG Capital, iFLYTEK",,
The Zebra,1,4/12/2021,United States,Austin,E-commerce & direct-to-consumer,"Silverton Partners, Accel, Ballast Point Ventures",,
Thirty Madison,1,6/2/2021,United States,New York,Health,"Northzone Ventures, Maveron, Johnson & Johnson Innovation",,
ThoughtSpot,2.05,5/8/2018,United States,Sunnyvale,Internet software & services,"Lightspeed Venture Partners, Khosla Ventures, Geodesic Capital",,
Thrasio,6,7/15/2020,United States,Walpole,Other,"Upper90, RiverPark Ventures, Advent International",,
Thumbtack,3.2,9/29/2015,United States,San Francisco,E-commerce & direct-to-consumer,"Tiger Global, Sequoia Capital, Google Capital",,
Tipalti,2,10/6/2020,United States,San Mateo,Fintech,"01 Advisors, Zeev Ventures, Group 11",,
Toast,4.9,7/10/2018,United States,Boston,Fintech,"Bessemer Venture Partners, Tiger Global Management, Google Ventures",,
Tonal,1.6,3/31/2021,United States,San Francisco,E-commerce & direct-to-consumer,"Mayfield Fund, Shasta Ventures, L Catterton",,
Tongdun Technology,1.32,4/25/2019,China,Hangzhou,Cybersecurity,"Advantech Capital, Temasek Holdings Ltd., Tiantu Capital Co.",,
Toss,7.4,12/9/2018,South Korea,Seoul,Fintech,"Bessemer Venture Partners, Qualcomm Ventures, Kleiner Perkins Caufield & Byers",,
Tractable,1,6/16/2021,United Kingdom,London,Artificial intelligence,"Insight Partners, Ignition Partners, Georgian Partners",,
Trade Republic,5.3,5/20/2021,Germany,Berlin,Fintech,"Founders Fund. Accel, Creandum",,
Trader Interactive,1.63,5/12/2021,United States,Norfolk,Other,Carsales,,
Tradeshift,2.7,5/30/2018,United States,San Francisco,Fintech,"Notion Capital, Scentan Ventures, Kite Ventures",,
Transmit Security,2.74,6/22/2021,Israel,Tel Aviv,Cybersecurity,"General Atlantic, Insight Partners, Vintage Investment Partners",,
Traveloka,3,1/1/2017,Indonesia,Jakarta,Travel,"Global Founders Capital, East Ventures, Expedia Inc.",,
Trax,1.3,7/22/2019,Singapore,,Artificial intelligence,"Hopu Investment Management, Boyu Capital, DC Thomson Ventures",,
Trendy Group International,2,2/13/2012,Hong Kong,Kowloon,Consumer & retail,L Capital Partners,,
Tresata,1,10/10/2018,United States,Charlotte,Fintech,GCP Capital Partners,,
TripActions,5,11/8/2018,United States,Palo Alto,Travel,"Andreessen Horowitz, Lightspeed Venture Partners, Zeev Ventures",,
Trulioo,1.75,6/7/2021,Canada,Vancouver,Cybersecurity,"Blumberg Capital, American Express Ventures, BDC Venture Capital",,
Trumid,1,7/15/2020,United States,New York,Fintech,"T. Rowe Price, Dragoneer Investment Group, BlackRock",,
Tubatu.com,2,3/9/2015,China,Shenzhen,E-commerce & direct-to-consumer,"Sequoia Capital China, Matrix Partners China, 58.com",,
Tuhu,1.16,9/15/2018,China,Shanghai,Auto & transportation,"Qiming Venture Partners, Yaxia Automobile, Far East Horizon",,
TuJia,1.5,6/17/2015,China,Beijing,Travel,"GGV Capital, QiMing Venture Partnersl",,
UBTECH Robotics,4.45,7/25/2016,China,Shenzhen,Hardware,"CDH Investments, Goldstone Investments, Qiming Venture Partners",,
Udaan,3.1,9/4/2018,India,Bengaluru,"Supply chain, logistics, & delivery","DST Global, Lightspeed Venture Partners, Microsoft ScaleUp",,
Udemy,3.2,2/19/2020,United States,San Francisco,Edtech,"MHS Capital, Insight Partners, Norwest Venture Partners",,
UISEE Technology,1.08,1/25/2021,China,Beijing,"Supply chain, logistics, & delivery","Shenzhen Capital Group, Robert Bosch Venture Capital, SeptWolves Ventures",,
Unacademy,2,9/2/2020,India,Bengaluru,Edtech,"Blume Ventures, Nexus Venture Partners, Sequoia Capital India",,
Unisound,1.19,7/19/2018,China,Beijing,Artificial intelligence,"Qiming Venture Partners, China Internet Investment Fund, Qualcomm Ventures",,
Unite Us,1.7,3/17/2021,United States,New York,Health,"Insight Partners, Sequoia Capital, Index Ventures",,
United Imaging Healthcare,5,9/15/2017,China,Shanghai,Health,"China Life Insurance, China Development Bank Capital, CITIC Securities International",,
Unqork,2,10/6/2020,United States,New York,Fintech,"Blackrock, capitalG, World Lab Innovation",,
Upgrade,1,2/12/2018,United States,San Francisco,Fintech,"Union Square Ventures, Ribbit Capital, VY Capital",,
Uplight,1.5,3/3/2021,United States,Boulder,Other,"Rubicon Technology Partners, Max Ventures, Inclusive Capital Partners",,
Uptake,2.3,10/27/2015,United States,Chicago,Artificial intelligence,"Revolution, New Enterprise Associates, Caterpillar",,
Urban Company,2.1,4/27/2021,India,Gurgaon,E-commerce & direct-to-consumer,"VY Capital, Accel, Elevation Capital",,
Vacasa,1,10/29/2019,United States,Portland,Travel,"Level Equity, NewSpring Holdings, Riverwood Capital",,
VANCL,3,12/14/2010,China,Beijing,E-commerce & direct-to-consumer,"Ceyuan Ventures, QiMing Venture Partners, Temasek Holdings",,
VAST Data,3.7,4/16/2020,United States,New York,Data management & analytics,"Norwest Venture Partners, Goldman Sachs, Dell Technologies Capital",,
Vectra Networks,1.2,4/29/2021,United States,San Jose,Artificial intelligence,"IA Ventures, Khosla Ventures, AME Cloud Ventures",,
Veepee,1.38,7/20/2007,France,La Plaine Saint-Denis,E-commerce & direct-to-consumer,"Summit Partners, Qatar Holding",,
Venafi,1.15,12/10/2020,United States,Salt Lake City,Cybersecurity,"Pelion Venture Partners, Foundation Capital, Thoma Bravo",,
VerbIT,1,6/8/2021,Israel,Tel Aviv,Artificial intelligence,"ClalTech, Vertex Ventures, Oryzn Capital",,
Verkada,1.6,1/29/2020,United States,San Mateo,Cybersecurity,"next47, First Round Capital, Sequoia Capital",,
Vestiaire Collective,1,3/1/2021,France,Paris,E-commerce & direct-to-consumer,"Eurazeo, IDInvest Partners, Balderton Capital",,
Via,2.25,3/30/2020,United States,New York,Auto & transportation,"83North, RiverPark Ventures, Pitango Venture Capital",,
Vice Media,5.7,4/2/2011,United States,Brooklyn,Internet software & services,"Technology Crossover Ventures, A&E Television Networks",,
VillageMD,1,7/8/2020,United States,Chicago,Health,"Kinnevik, Oak HC/FT Partners, Walgreens Boots Alliance",,
Vinted,4.53,11/27/2019,Lithuania,Vilnius,E-commerce & direct-to-consumer,"Accel, Insight Partners, Burda Principal Investments",,
VIPKid,4.5,8/4/2016,China,Beijing,Edtech,"Sequoia Capital China, Tencent Holdings, Sinovation Ventures",,
Virta Health,2,12/2/2020,United States,San Francisco,Health,"Caffeinated Capital, Obvious Ventures, Venrock",,
Vise,1,5/18/2021,United States,New York,Fintech,"Sequoia Capital, Founders Fund, Bling Capital",,
Visier,1,6/29/2021,Canada,Vancouver,Internet software & services,"Foundation Capital, Summit Partners, Adams Street Partners",,
Vista Global,2.5,8/23/2017,United Arab Emirates,Dubai,Other,Rhone Capital,,
Voodoo,1.4,8/17/2020,France,Paris,Other,"Tencent Holdings, Goldman Sachs",,
Vox Media,1,8/12/2015,United States,Washington,Internet software & services,"Accel Partners, Comcast Ventures, General Atlantic",,
VTEX,1.7,9/28/2020,Brazil,Sao Paulo,E-commerce & direct-to-consumer,"Riverwood Capital, Gavea Investimentos, Endeavor",2000,LATAM
VTS,1,5/7/2019,United States,New York,Internet software & services,"Trinity Ventures, Fifth Wall Ventures, OpenView Venture Partners",,
Wacai,1,7/18/2018,China,Hangzhou,Mobile & telecommunications,"Qiming Venture Partners, China Broadband Capital, CDH Investments",,
Warby Parker,3,4/30/2015,United States,New York,E-commerce & direct-to-consumer,"BoxGroup, Felicis Ventures, First Round Capital",,
We Doctor,7,9/22/2015,China,Hangzhou,Health,"Tencent, Morningside Group",,
Webflow,2.1,1/13/2021,United States,San Francisco,Internet software & services,"Accel, Silversmith Capital Partners, capitalG",,
WeBull,1,2/18/2021,China,Changsha,Fintech,"Bojiang Capital, Hongdao Capital, Mobai Capital",,
Weee!,2.8,3/16/2021,United States,Fremont,"Supply chain, logistics, & delivery","Goodwater Capital, iFly, XVC Venture Capital",,
wefox,1.65,3/5/2019,Germany,Berlin,Fintech,"Salesforce Ventures, Seedcamp, OMERS Ventures",,
Weilong,10.88,5/8/2021,China,Luohe,Consumer & retail,"Tencent Holdings, Hillhouse Capital Management, Yunfeng Capital",,
WeLab,1,11/8/2017,Hong Kong,,Fintech,"Sequoia Capital China, ING, Alibaba Entrepreneurs Fund",,
WEMAKEPRICE,2.34,9/9/2015,South Korea,Seoul,E-commerce & direct-to-consumer,"IMM Investment, NXC",,
WeRide,3.3,12/23/2020,China,Guangzhou,Auto & transportation,"Atop Capital, IDInvest Partners, Qiming Venture Partners",,
Whoop,1.2,10/28/2020,United States,Boston,E-commerce & direct-to-consumer,"NextView Ventures, Promus Ventures, Two Sigma Ventures",,
Wildlife Studios,3,12/5/2019,Brazil,Sao Paulo,Other,"Benchmark, Bessemer Venture Partners",2011,LATAM
Wiz,1.7,3/17/2021,Israel,Tel Aviv,Cybersecurity,"Insight Partners, Sequoia Capital, Index Ventures",,
WM Motor,5,3/8/2019,China,Shanghai,Auto & transportation,"Baidu Capital, Linear Venture, Tencent",,
Womai,1,10/12/2015,China,Beijing,E-commerce & direct-to-consumer,"SAIF Partners China, Baidu, IDG Capital",,
Workato,1.7,1/12/2021,United States,Mountain View,Internet software & services,"Battery Ventures, Storm Ventures, Redpoint Ventures",,
Workhuman,1.2,6/23/2020,Ireland,Dublin,Internet software & services,ICG,,
Workrise,2.9,9/30/2019,United States,Austin,Internet software & services,"Founders Fund, Quantum Energy Partners, Bedrock Capital",,
WTOIP,1.27,4/8/2018,China,Guangzhou,Internet software & services,"Dark Horse Technology Group, Hopu Investment Management, Kefa Capital",,
XANT,1.65,4/28/2014,United States,Lehi,Artificial intelligence,"Microsoft Ventures, US Venture Partners, Kleiner Perkins Caufield & Byers",,
XForcePlus,1,5/1/2021,China,Shanghai,Internet software & services,"Eastern Bell Capital, Danhua Capital, MSA Capital",,
Xiaobing,1,7/12/2021,China,Beijing,Fintech,"NetEase Capital, Northern Light Venture Capital, Microsoft",,
Xiaohongshu,3,3/31/2016,China,Shanghai,E-commerce & direct-to-consumer,"GGV Capital, ZhenFund, Tencent",,
XiaoZhu,1.5,11/1/2017,China,Beijing,Travel,"Morningside Ventures, Capital Today, JOY Capital",,
Ximalaya FM,1.52,9/22/2017,China,Shanghai,Mobile & telecommunications,"China Creation Ventures, Sierra Ventures, Xingwang Investment Management",,
Xinchao Media,2.59,4/9/2018,China,Chengdu,Internet software & services,"JD.com, Baidu, Vision Plus Capital",,
Xingsheng Selected,8,7/22/2020,China,Changsha,E-commerce & direct-to-consumer,"KKR, Tencent Holdings, Sequoia Capital China",,
Xingyun B2B,2,9/24/2020,China,Shenzhen,E-commerce & direct-to-consumer,"Matrix Partners China, Eastern Bell Capital, Hongtai Capital Holdings",,
Yanolja,1,6/10/2019,South Korea,Seoul,Travel,"SBI Investment Korea, Partners Investment, GIC",,
Yaoshibang,1.35,6/15/2021,China,Guangzhou,Health,"Green Pine Capital Partners, Ivy Capital, DCM Ventures",,
Yello Mobile,4,11/11/2014,South Korea,Seoul,Mobile & telecommunications,Formation 8,,
YH Global,1,9/21/2017,China,Shenzhen,"Supply chain, logistics, & delivery","Co-Energy Finance, Grandland",,
Yidian Zixun,1.4,10/17/2017,China,Beijing,Mobile & telecommunications,"Phoenix New Media, Tianjin Haihe Industry Fund",,
Yiguo,1.2,11/9/2016,China,Shanghai,"Supply chain, logistics, & delivery","Alibaba Group, KKR, Goldman Sachs",,
Yijiupi,1.5,9/20/2018,China,Beijing,Consumer & retail,"Source Code Capital, Meituan Dianping, Tencent Holdings",,
Yimidida,1.17,1/14/2019,China,Shanghai,"Supply chain, logistics, & delivery","Source Code Capital, Global Logistic Properties, K2VC",,
Yipin Shengxian,1.49,3/11/2019,China,Hefei,E-commerce & direct-to-consumer,"Eastern Bell Capital, Capital Today, Longzhu Capital",,
YITU Technology,2.17,3/8/2018,China,Shanghai,Artificial intelligence,"Sequoia Capital China, Banyan Capital",,
Yixia,3,11/24/2015,China,Beijing,Mobile & telecommunications,"Sequoia Capital China, Sina Weibo, Kleiner Perkins Caufield & Byers, Redpoint Ventures",,
Ynsect,1,2/21/2019,France,Evry,Other,"Astanor Ventures, Upfront Ventures, IDInvest Partners",,
Yotpo,1.4,3/18/2021,United States,New York,Internet software & services,"Bessemer Venture Partners, Vintage Investment Partners, Blumberg Capital",,
You & Mr Jones,1.3,11/19/2019,United States,New York,Other,Undisclosed,,
Youxia Motors,3.35,4/2/2018,China,Shanghai,Auto & transportation,"China Environmental Protection Industry, China Fortune Ocean",,
Yuanfudao,15.5,5/31/2017,China,Beijing,Edtech,"Tencent Holdings, Warbug Pincus, IDG Capital",,
Yuanqi Senlin,6,3/1/2020,China,Beijing,Consumer & retail,"Sequoia Capital China, Longfor Capitalm, Gaorong Capital",,
YunQuNa,1.5,6/29/2021,China,Shanghai,"Supply chain, logistics, & delivery","Source Code Capital, Coatue Management, DCM Ventures",,
Yunxuetang,1,3/29/2021,China,Suzhou,Edtech,"Matrix Partners China, Sequoia Capital China, Hundreds Capital",,
Zapier,4,1/14/2021,United States,Sunnyvale,Internet software & services,"Sequoia Capital, Bessemer Venture Partners, Threshold Ventures",,
Zego,1.1,3/9/2021,United Kingdom,London,Fintech,"LocalGlobe, Balderton Capital, Target Global",,
Zenefits,4.5,5/6/2015,United States,San Francisco,Fintech,"SV Angel, Institutional Venture Partners, Venrock",,
Zenoti,1.5,12/15/2020,United States,Bellevue,Internet software & services,"Norwest Venture Partners, Accel, Tiger Global Management",,
Zeta,1.45,5/24/2021,United States,San Francisco,Fintech,"Sodexo Ventures, SoftBank Group",,
Zhaogang,1,6/29/2017,China,Shanghai,E-commerce & direct-to-consumer,"K2 Ventures, Matrix Partners China, IDG Capital",,
Zhuan Zhuan,1,4/18/2017,China,Beijing,E-commerce & direct-to-consumer,"58.com, Tencent Holdings",,
Zhubajie,1.61,6/16/2015,China,Chongqing,Internet software & services,"Cybernaut Growth Fund, IDG Capital",,
Zipline,2.8,5/20/2019,United States,South San Francisco,"Supply chain, logistics, & delivery","Sequoia Capital, Baillie Gifford & Co., Google Ventures",,
Ziroom,6.6,1/17/2018,China,Beijing,E-commerce & direct-to-consumer,"Sequoia Capital China, Warburg Pincus, General Catalyst",,
ZocDoc,1.8,8/20/2015,United States,New York,Health,"Founders Fund, Khosla Ventures, Goldman Sachs",,
ZongMu Technology,11.4,6/3/2021,China,Shanghai,Auto & transportation,"LTW Capital, Legend Capital, Qualcomm Ventures",,
Zume,2.25,11/1/2018,United States,Mountain View,Consumer & retail,"Softbank Group, AME Cloud Ventures, SignalFire",,
Zuoyebang,3,7/18/2018,China,Beijing,Edtech,"Sequoia Capital China, Xiang He Capital, GGV Capital",,
Zwift,1,9/16/2020,United States,Long Beach,E-commerce & direct-to-consumer,"Novator Partners, True, Causeway Media Partners",,
